일자,시가,고가,저가,종가,전일비,,등락률,거래량,거래대금(백만),개인,외국인,기관
2020/11/20,"66,990","67,160","66,920","67,160",▲,"160","+0.24%","58,097","3,892","-29","0","+17"
2020/11/19,"66,830","67,160","66,830","67,000",▲,"10","+0.01%","59,232","3,971","-18","0","+7"
2020/11/18,"67,290","67,360","66,980","66,990",▼,"-300","-0.45%","99,573","6,689","-18","0","0"
2020/11/17,"67,650","67,650","67,260","67,290",▼,"-410","-0.61%","63,866","4,307","-12","0","+14"
2020/11/16,"67,120","67,890","67,120","67,700", ,"0","0%","41,669","2,821","-4","0","+10"
2020/11/13,"67,490","67,760","67,480","67,700",▲,"380","+0.56%","39,816","2,693","+18","+1","+3"
2020/11/12,"67,120","67,500","67,090","67,320",▼,"-250","-0.37%","70,635","4,747","0","0","+7"
2020/11/11,"67,980","67,980","67,450","67,570",▼,"-420","-0.62%","89,479","6,052","+37","0","-26"
2020/11/10,"67,460","68,000","67,460","67,990",▼,"-2,480","-3.52%","190,414","12,885","+116","0","-93"
2020/11/09,"70,500","70,800","70,400","70,470",▲,"240","+0.34%","65,808","4,640","+20","0","+9"
2020/11/06,"70,780","70,780","70,200","70,230",▲,"680","+0.98%","171,997","12,126","+10","0","-2"
2020/11/05,"69,620","69,670","69,300","69,550",▼,"-80","-0.11%","36,767","2,557","+9","0","-4"
2020/11/04,"69,800","69,870","69,350","69,630",▲,"390","+0.56%","69,207","4,818","-12","0","+26"
2020/11/03,"69,210","69,380","69,210","69,240",▲,"290","+0.42%","37,883","2,625","+12","0","+6"
2020/11/02,"68,470","69,000","68,470","68,950",▲,"530","+0.77%","37,511","2,581","+3","-2","+10"
2020/10/30,"68,650","68,650","68,150","68,420",▼,"-390","-0.57%","176,112","12,006","+17","0","+11"
2020/10/29,"69,020","69,020","68,710","68,810",▼,"-800","-1.15%","121,515","8,360","+34","0","-14"
2020/10/28,"69,400","69,640","69,320","69,610",▲,"220","+0.32%","57,129","3,967","-11","0","+20"
2020/10/27,"69,230","69,580","69,230","69,390",▲,"290","+0.42%","36,454","2,531","-9","0","+15"
2020/10/26,"69,500","69,500","69,070","69,100",▼,"-600","-0.86%","65,331","4,521","+25","0","-13"
2020/10/23,"69,950","69,950","69,690","69,700",▼,"-380","-0.54%","97,574","6,807","+44","0","-19"
2020/10/22,"70,230","70,300","69,980","70,080",▲,"40","+0.06%","33,352","2,340","+2","0","+5"
2020/10/21,"70,030","70,300","70,000","70,040",▲,"70","+0.10%","92,127","6,461","+4","0","+8"
2020/10/20,"70,220","70,220","69,870","69,970",▼,"-600","-0.85%","75,373","5,277","+29","0","+4"
2020/10/19,"70,440","70,570","70,000","70,570",▼,"-10","-0.01%","53,589","3,763","+13","0","+10"
2020/10/16,"70,250","70,600","70,250","70,580",▲,"450","+0.64%","31,411","2,216","+8","0","+4"
2020/10/15,"70,440","70,440","70,100","70,130",▼,"-170","-0.24%","46,073","3,234","+15","0","-1"
2020/10/14,"70,590","70,590","69,890","70,300",▼,"-760","-1.07%","87,602","6,135","+67","0","-27"
2020/10/13,"71,400","71,400","70,900","71,060",▼,"-330","-0.46%","47,606","3,384","+24","0","0"
2020/10/12,"71,420","71,470","71,250","71,390",▲,"1,040","+1.48%","58,421","4,170","+1","0","+22"
2020/10/08,"70,580","70,580","70,330","70,350",▼,"-230","-0.33%","63,576","4,477","+40","0","+1"
2020/10/07,"70,880","70,880","70,480","70,580",▼,"-980","-1.37%","74,148","5,234","+46","0","-21"
2020/10/06,"71,110","71,560","71,110","71,560",▲,"510","+0.72%","53,713","3,841","-1","0","+14"
2020/10/05,"71,700","71,700","71,000","71,050",▲,"270","+0.38%","81,924","5,844","+32","0","+11"
2020/09/29,"70,810","71,180","70,700","70,780",▲,"430","+0.61%","85,570","6,078","+40","0","-16"
2020/09/28,"71,000","71,000","70,130","70,350",▼,"-190","-0.27%","82,650","5,811","+30","0","-41"
2020/09/25,"70,200","70,550","70,200","70,540",▲,"740","+1.06%","76,431","5,379","+17","0","-23"
2020/09/24,"69,400","70,120","69,400","69,800",▼,"-500","-0.71%","197,661","13,795","-89","0","+78"
2020/09/23,"71,580","71,580","70,300","70,300",▼,"-1,340","-1.87%","133,868","9,498","-2","0","+11"
2020/09/22,"72,020","72,020","71,530","71,640",▼,"-1,120","-1.54%","121,937","8,745","+9","+1","-11"
2020/09/21,"73,020","73,170","72,760","72,760",▼,"-340","-0.47%","72,034","5,256","-9","0","+9"
2020/09/18,"73,520","73,520","73,020","73,100",▼,"-510","-0.69%","82,662","6,055","+45","+1","-24"
2020/09/17,"74,250","74,250","73,540","73,610",▼,"-600","-0.81%","80,034","5,909","+47","0","-36"
2020/09/16,"74,500","74,500","74,160","74,210",▼,"-420","-0.56%","46,913","3,486","+27","0","-5"
2020/09/15,"74,400","74,670","74,280","74,630",▲,"480","+0.65%","72,076","5,370","-18","0","+44"
2020/09/14,"74,230","74,330","74,100","74,150",▼,"-70","-0.09%","39,593","2,938","+2","0","+4"
2020/09/11,"74,250","74,560","74,100","74,220",▲,"30","+0.04%","39,586","2,943","+7","0","-6"
2020/09/10,"74,280","74,350","74,150","74,190",▲,"450","+0.61%","56,604","4,202","-4","0","+34"
2020/09/09,"74,030","74,100","73,740","73,740",▼,"-200","-0.27%","72,219","5,335","+14","+1","+6"
2020/09/08,"74,020","74,020","73,750","73,940",▼,"-80","-0.11%","58,353","4,308","+7","0","-1"
2020/09/07,"74,370","74,450","73,900","74,020",▼,"-150","-0.20%","86,682","6,425","+54","0","-31"
2020/09/04,"74,000","74,490","73,860","74,170",▲,"120","+0.16%","69,501","5,157","+21","+1","-4"
2020/09/03,"74,450","74,880","74,020","74,050",▼,"-880","-1.17%","71,809","5,335","+23","0","-3"
2020/09/02,"75,610","75,610","74,920","74,930",▼,"-690","-0.91%","56,857","4,268","+9","0","+3"
2020/09/01,"75,250","75,750","74,950","75,620",▲,"620","+0.83%","79,355","5,986","-24","0","+29"
2020/08/31,"75,180","75,180","74,830","75,000",▲,"1,000","+1.35%","91,673","6,871","-27","0","+48"
2020/08/28,"73,680","74,080","73,260","74,000",▲,"30","+0.04%","104,181","7,677","-9","0","+40"
2020/08/27,"74,800","74,800","73,950","73,970",▲,"630","+0.86%","99,510","7,383","-5","0","+37"
2020/08/26,"73,770","73,770","73,240","73,340",▼,"-430","-0.58%","107,266","7,886","+14","0","+6"
2020/08/25,"73,800","73,960","73,600","73,770",▼,"-260","-0.35%","105,549","7,784","+8","0","+16"
2020/08/24,"74,480","74,590","73,950","74,030",▼,"-450","-0.60%","85,538","6,336","-22","+1","+22"
2020/08/21,"74,890","74,900","74,480","74,480",▼,"-210","-0.28%","86,260","6,437","+42","+1","+5"
2020/08/20,"74,140","74,860","73,790","74,690",▼,"-1,410","-1.85%","179,596","13,355","+52","0","+36"
2020/08/19,"76,850","76,980","75,910","76,100",▼,"-400","-0.52%","124,557","9,519","+60","0","+5"
2020/08/18,"76,280","76,500","75,980","76,500",▲,"1,560","+2.08%","101,287","7,726","+19","0","+12"
2020/08/14,"75,030","75,440","74,900","74,940",▲,"740","+1.00%","128,316","9,645","+63","0","+10"
2020/08/13,"73,100","74,850","73,100","74,200",▲,"1,670","+2.30%","204,651","15,183","+105","-1","-5"
2020/08/12,"73,080","73,780","69,500","72,530",▼,"-4,640","-6.01%","554,933","40,316","-91","+1","+93"
2020/08/11,"78,390","78,410","77,100","77,170",▼,"-1,220","-1.56%","236,745","18,355","+87","0","+3"
2020/08/10,"78,460","78,920","78,200","78,390",▼,"-1,040","-1.31%","228,063","17,918","+130","0","+11"
2020/08/07,"79,600","79,990","79,150","79,430",▲,"60","+0.08%","228,167","18,167","+145","0","+12"
2020/08/06,"79,700","79,750","79,320","79,370",▲,"370","+0.47%","186,274","14,787","+109","0","0"
2020/08/05,"80,100","80,300","78,850","79,000",▲,"1,020","+1.31%","287,104","22,587","+141","0","+13"
2020/08/04,"79,050","79,050","77,320","77,980",▼,"-990","-1.25%","277,046","21,624","+198","0","+25"
2020/08/03,"79,550","79,550","78,900","78,970",▲,"900","+1.15%","191,950","15,179","+106","0","+6"
2020/07/31,"78,490","78,890","75,960","78,070",▼,"-480","-0.61%","216,651","16,842","+88","0","+10"
2020/07/30,"79,870","79,870","78,500","78,550",▲,"320","+0.41%","284,497","22,389","+86","0","+48"
2020/07/29,"81,770","82,550","76,960","78,230",▼,"-1,870","-2.33%","432,437","34,392","+155","-1","-25"
2020/07/28,"80,000","82,970","79,870","80,100",▲,"2,640","+3.41%","501,104","40,496","+132","0","-33"
2020/07/27,"74,600","78,790","74,600","77,460",▲,"3,520","+4.76%","454,943","35,025","+208","0","-85"
2020/07/24,"73,240","73,940","73,090","73,940",▲,"1,410","+1.94%","236,294","17,352","+176","0","-69"
2020/07/23,"72,330","72,570","72,190","72,530",▲,"830","+1.16%","179,930","13,025","+136","0","-26"
2020/07/22,"71,200","71,790","71,000","71,700",▲,"1,430","+2.04%","136,083","9,718","+51","0","+5"
2020/07/21,"70,450","70,450","70,180","70,270",▲,"20","+0.03%","97,525","6,852","+71","0","+5"
2020/07/20,"70,200","70,290","70,180","70,250",▲,"230","+0.33%","109,020","7,657","+80","0","+4"
2020/07/17,"70,260","70,260","69,840","70,020",▼,"-280","-0.40%","126,026","8,819","+106","0","-15"
2020/07/16,"70,040","70,450","70,040","70,300",▲,"300","+0.43%","69,411","4,878","+39","+1","-4"
2020/07/15,"70,130","70,200","69,980","70,000", ,"0","0%","120,807","8,464","+89","0","-8"
2020/07/14,"69,950","70,060","69,880","70,000",▲,"100","+0.14%","98,081","6,864","+55","0","-14"
2020/07/13,"69,710","69,900","69,680","69,900",▲,"190","+0.27%","89,292","6,232","+43","+1","-20"
2020/07/10,"69,710","69,890","69,630","69,710", ,"0","0%","126,398","8,824","+56","0","-13"
2020/07/09,"69,300","69,790","69,300","69,710",▲,"540","+0.78%","116,618","8,124","+35","0","+12"
2020/07/08,"69,200","69,290","69,110","69,170",▲,"400","+0.58%","87,656","6,066","+42","0","+4"
2020/07/07,"68,700","68,800","68,530","68,770",▲,"240","+0.35%","64,890","4,457","+31","0","+8"
2020/07/06,"68,700","68,720","68,450","68,530",▼,"-170","-0.25%","96,130","6,591","+72","0","+1"
2020/07/03,"68,580","68,880","68,580","68,700",▲,"180","+0.26%","59,648","4,100","+36","0","+8"
2020/07/02,"68,840","68,840","68,480","68,520",▼,"-650","-0.94%","100,805","6,912","+77","0","-27"
2020/07/01,"68,800","69,190","68,800","69,170",▲,"530","+0.77%","84,231","5,815","-22","0","+48"
2020/06/30,"68,500","68,640","68,290","68,640",▲,"140","+0.20%","52,687","3,604","+27","0","+6"
2020/06/29,"68,680","68,750","68,420","68,500",▲,"390","+0.57%","59,755","4,098","+11","0","+13"
2020/06/26,"68,520","68,520","68,060","68,110",▼,"-390","-0.57%","54,087","3,689","+42","0","+1"
2020/06/25,"68,450","68,670","68,390","68,500",▲,"100","+0.15%","55,252","3,787","+22","0","-3"
2020/06/24,"68,700","68,750","68,320","68,400",▲,"170","+0.25%","71,659","4,913","+12","0","+18"
2020/06/23,"68,500","68,610","68,200","68,230",▼,"-60","-0.09%","61,843","4,228","+7","0","+15"
2020/06/22,"68,090","68,480","68,090","68,290",▲,"910","+1.35%","99,926","6,824","-47","0","+61"
2020/06/19,"67,300","67,440","67,300","67,380",▲,"80","+0.12%","36,080","2,430","+1","0","+16"
2020/06/18,"67,620","67,850","67,300","67,300",▼,"-280","-0.41%","55,896","3,782","+27","0","+9"
2020/06/17,"67,580","67,580","67,340","67,580",▲,"410","+0.61%","60,865","4,108","+7","0","+24"
2020/06/16,"67,420","67,430","67,000","67,170",▼,"-80","-0.12%","40,042","2,694","+6","0","0"
2020/06/15,"67,400","67,580","67,250","67,250",▲,"120","+0.18%","34,910","2,355","-2","0","+3"
2020/06/12,"67,550","67,550","67,090","67,130",▲,"440","+0.66%","39,125","2,630","+15","0","+1"
2020/06/11,"66,700","66,990","66,430","66,690",▲,"440","+0.66%","41,634","2,776","+21","0","-1"
2020/06/10,"66,490","66,720","66,200","66,250",▲,"420","+0.64%","51,805","3,443","+33","0","-3"
2020/06/09,"66,000","66,340","65,750","65,830",▼,"-150","-0.23%","109,680","7,232","+51","0","+6"
2020/06/08,"65,450","66,060","65,300","65,980",▼,"-860","-1.29%","128,311","8,433","+38","+2","-13"
2020/06/05,"67,590","67,590","66,800","66,840",▼,"-160","-0.24%","89,048","5,978","+60","0","-11"
2020/06/04,"67,090","67,160","66,790","67,000",▼,"-780","-1.15%","150,347","10,068","+92","0","-13"
2020/06/03,"68,710","68,710","67,720","67,780",▼,"-980","-1.43%","158,345","10,745","+118","0","-21"
2020/06/02,"68,990","68,990","68,700","68,760",▼,"-230","-0.33%","68,526","4,715","+45","0","+13"
2020/06/01,"69,450","69,450","68,970","68,990",▲,"200","+0.29%","76,670","5,301","+39","0","+12"
2020/05/29,"69,260","69,260","68,770","68,790",▼,"-10","-0.01%","48,676","3,357","+36","0","+3"
2020/05/28,"68,310","68,800","68,310","68,800",▲,"630","+0.92%","65,638","4,501","+7","0","+23"
2020/05/27,"68,560","68,560","68,150","68,170",▼,"-1,140","-1.64%","178,213","12,190","+145","0","-79"
2020/05/26,"69,420","69,680","69,270","69,310",▼,"-90","-0.13%","109,641","7,607","+80","0","+10"
2020/05/25,"69,210","69,690","69,210","69,400",▲,"210","+0.30%","51,124","3,551","+27","0","+5"
2020/05/22,"69,000","69,280","68,710","69,190",▼,"-10","-0.01%","69,057","4,769","+30","0","+6"
2020/05/21,"69,350","69,470","69,160","69,200",▼,"-140","-0.20%","87,819","6,086","+47","0","-7"
2020/05/20,"68,870","69,470","68,870","69,340",▲,"690","+1.01%","44,973","3,116","+14","0","+5"
2020/05/19,"68,950","68,950","68,240","68,650",▼,"-1,190","-1.70%","160,040","10,973","+119","0","-79"
2020/05/18,"69,200","70,000","69,200","69,840",▲,"1,190","+1.73%","100,801","7,035","-3","0","-5"
2020/05/15,"68,400","68,670","68,260","68,650",▲,"870","+1.28%","111,572","7,636","-34","0","+65"
2020/05/14,"67,900","67,900","67,730","67,780",▲,"400","+0.59%","44,279","3,003","+18","0","+4"
2020/05/13,"67,730","67,730","67,350","67,380",▲,"100","+0.15%","36,145","2,439","+13","0","+7"
2020/05/12,"67,200","67,390","67,010","67,280",▲,"80","+0.12%","47,438","3,190","+18","0","+4"
2020/05/11,"67,300","67,300","67,000","67,200",▼,"-220","-0.33%","51,819","3,476","+34","0","-21"
2020/05/08,"67,500","67,610","67,170","67,420",▲,"630","+0.94%","51,524","3,473","+20","0","+13"
2020/05/07,"67,140","67,140","66,750","66,790",▼,"-510","-0.76%","115,088","7,707","+89","0","-69"
2020/05/06,"67,450","67,620","67,290","67,300",▼,"-190","-0.28%","65,852","4,438","+50","0","-17"
2020/05/04,"67,380","67,500","67,110","67,490",▲,"40","+0.06%","57,943","3,903","+30","0","-10"
2020/04/29,"67,150","67,650","67,150","67,450",▲,"330","+0.49%","59,917","4,042","+39","0","-2"
2020/04/28,"68,150","68,150","67,040","67,120",▼,"-1,410","-2.06%","129,923","8,762","+89","0","-27"
2020/04/27,"68,860","68,890","68,380","68,530",▼,"-330","-0.48%","96,191","6,603","+61","0","-22"
2020/04/24,"68,700","68,880","68,500","68,860",▲,"780","+1.15%","101,230","6,962","+45","+1","-14"
2020/04/23,"67,960","68,230","67,960","68,080",▲,"990","+1.48%","74,448","5,069","+22","0","+16"
2020/04/22,"67,180","67,480","67,090","67,090",▼,"-120","-0.18%","61,911","4,166","+32","0","+3"
2020/04/21,"66,500","67,550","66,500","67,210",▲,"1,130","+1.71%","82,784","5,561","+26","0","-2"
2020/04/20,"65,560","66,300","65,550","66,080",▼,"-420","-0.63%","86,357","5,695","+31","0","-11"
2020/04/17,"68,210","68,210","66,370","66,500",▼,"-1,720","-2.52%","151,692","10,194","+83","0","-56"
2020/04/16,"67,740","68,300","67,740","68,220",▲,"480","+0.71%","120,251","8,187","+52","0","-5"
2020/04/14,"66,920","68,240","66,920","67,740",▲,"1,590","+2.40%","143,645","9,739","+38","0","+3"
2020/04/13,"65,990","66,190","65,800","66,150",▲,"810","+1.24%","150,036","9,900","+33","0","+9"
2020/04/10,"65,800","65,800","65,160","65,340",▲,"890","+1.38%","114,886","7,510","+28","0","-18"
2020/04/09,"64,010","64,500","64,010","64,450", ,"0","0%","56,349","3,621","0","0","+2"
2020/04/08,"64,500","64,500","64,200","64,450",▼,"-400","-0.62%","53,853","3,466","+3","0","-1"
2020/04/07,"65,000","65,800","64,750","64,850",▲,"1,070","+1.68%","132,163","8,576","-6","0","-27"
2020/04/06,"63,910","64,300","63,670","63,780",▲,"280","+0.44%","65,810","4,212","-11","0","+4"
2020/04/03,"63,500","63,980","63,400","63,500",▲,"840","+1.34%","86,820","5,532","-25","0","+39"
2020/04/02,"63,500","63,980","62,560","62,660",▼,"-630","-1.00%","171,437","10,791","+51","0","-103"
2020/04/01,"62,880","63,400","62,100","63,290",▼,"-550","-0.86%","77,785","4,866","+39","0","-24"
2020/03/31,"64,190","64,190","63,790","63,840",▼,"-350","-0.55%","53,862","3,440","+33","0","-4"
2020/03/30,"64,100","64,350","64,000","64,190",▲,"350","+0.55%","75,352","4,836","+26","0","+5"
2020/03/27,"63,930","64,000","63,500","63,840",▲,"70","+0.11%","80,852","5,163","+26","0","+7"
2020/03/26,"64,330","64,500","63,640","63,770",▼,"-570","-0.89%","77,876","4,972","+41","0","-21"
2020/03/25,"65,300","65,450","64,040","64,340",▲,"910","+1.43%","174,107","11,278","-8","0","+17"
2020/03/24,"63,990","63,990","63,240","63,430",▲,"2,470","+4.05%","141,917","9,036","+19","-1","-9"
2020/03/23,"60,100","61,380","60,100","60,960",▲,"880","+1.46%","101,849","6,229","+1","0","-15"
2020/03/20,"59,420","60,110","59,420","60,080",▼,"-640","-1.05%","131,766","7,889","+77","0","-58"
2020/03/19,"60,420","61,150","59,980","60,720",▲,"240","+0.40%","132,681","8,017","-52","0","+12"
2020/03/18,"61,000","61,110","60,380","60,480",▲,"870","+1.46%","87,294","5,309","+9","-1","-14"
2020/03/17,"59,900","60,210","59,350","59,610",▼,"-1,140","-1.88%","144,644","8,647","-17","0","-5"
2020/03/16,"62,080","62,080","59,880","60,750",▼,"-1,490","-2.39%","144,221","8,744","+29","0","-33"
2020/03/13,"61,350","62,600","60,930","62,240",▼,"-1,170","-1.85%","185,506","11,436","-27","0","+23"
2020/03/12,"63,790","63,790","63,010","63,410",▼,"-400","-0.63%","101,497","6,419","-19","0","+10"
2020/03/11,"63,260","64,200","63,030","63,810",▲,"310","+0.49%","72,579","4,614","+5","0","-5"
2020/03/10,"65,150","65,150","63,460","63,500",▼,"-980","-1.52%","78,441","5,027","+10","0","-11"
2020/03/09,"65,010","65,520","63,960","64,480",▲,"470","+0.73%","146,448","9,511","+8","-1","-11"
2020/03/06,"63,520","64,100","63,510","64,010",▲,"1,640","+2.63%","101,956","6,504","-23","0","+11"
2020/03/05,"62,570","62,660","62,280","62,370",▼,"-20","-0.03%","59,188","3,700","+31","0","-28"
2020/03/04,"63,010","63,300","62,390","62,390",▲,"1,000","+1.63%","68,053","4,266","+4","0","-13"
2020/03/03,"61,400","61,500","60,880","61,390",▼,"-130","-0.21%","56,556","3,460","+17","0","-17"
2020/03/02,"60,990","62,100","60,900","61,520",▼,"-1,780","-2.81%","133,905","8,223","+29","0","-31"
2020/02/28,"64,000","64,000","63,230","63,300",▼,"-700","-1.09%","97,911","6,242","+20","-1","-23"
2020/02/27,"63,700","64,070","63,480","64,000",▲,"300","+0.47%","88,674","5,658","-43","0","+18"
2020/02/26,"63,570","63,990","63,390","63,700",▲,"150","+0.24%","96,568","6,155","-6","0","-8"
2020/02/25,"65,010","65,010","62,810","63,550",▼,"-1,250","-1.93%","159,550","10,181","-75","+2","+26"
2020/02/24,"64,700","65,280","64,450","64,800",▲,"1,940","+3.09%","167,061","10,808","-5","0","-10"
2020/02/21,"62,240","62,970","62,180","62,860",▲,"1,360","+2.21%","124,955","7,806","-15","+3","-23"
2020/02/20,"61,020","61,680","61,020","61,500",▲,"590","+0.97%","97,019","5,960","-35","0","+10"
2020/02/19,"60,700","61,120","60,700","60,910",▲,"560","+0.93%","119,532","7,280","-71","+3","+40"
2020/02/18,"60,020","60,370","60,020","60,350",▲,"450","+0.75%","91,036","5,486","-56","-4","+9"
2020/02/17,"59,840","59,940","59,800","59,900",▲,"270","+0.45%","51,736","3,098","-28","0","+7"
2020/02/14,"59,800","59,900","59,530","59,630",▼,"-50","-0.08%","28,347","1,693","-9","0","+2"
2020/02/13,"59,290","59,700","59,290","59,680",▲,"450","+0.76%","30,147","1,792","-6","0","0"
2020/02/12,"59,540","59,560","59,210","59,230",▼,"-340","-0.57%","27,657","1,642","+7","0","-11"
2020/02/11,"59,970","59,970","59,550","59,570",▼,"-110","-0.18%","30,398","1,814","+11","0","-5"
2020/02/10,"60,000","60,150","59,670","59,680",▼,"-50","-0.08%","78,278","4,686","-14","0","+15"
2020/02/07,"59,230","59,940","59,230","59,730",▲,"530","+0.90%","29,144","1,743","-7","0","+10"
2020/02/06,"59,510","59,510","58,940","59,200",▼,"-310","-0.52%","40,139","2,374","+11","0","-1"
2020/02/05,"59,510","59,690","58,970","59,510",▼,"-310","-0.52%","48,438","2,873","-5","0","-1"
2020/02/04,"60,080","60,290","59,640","59,820",▼,"-380","-0.63%","66,300","3,968","-22","0","+7"
2020/02/03,"60,600","60,900","59,990","60,200",▲,"290","+0.48%","118,202","7,137","-60","0","+21"
2020/01/31,"59,900","59,940","59,650","59,910",▲,"80","+0.13%","77,156","4,616","-23","0","+27"
2020/01/30,"59,540","59,920","59,540","59,830",▲,"610","+1.03%","82,025","4,907","-41","0","+21"
2020/01/29,"59,400","59,400","59,000","59,220",▼,"-480","-0.80%","40,741","2,410","+2","0","+5"
2020/01/28,"59,530","59,900","59,500","59,700",▲,"1,120","+1.91%","122,917","7,331","-41","0","+30"
2020/01/23,"58,210","58,630","58,210","58,580",▲,"440","+0.76%","23,257","1,361","-1","0","0"
2020/01/22,"58,620","58,620","58,090","58,140",▼,"-480","-0.82%","31,550","1,837","+15","0","-2"
2020/01/21,"58,290","58,700","58,140","58,620",▲,"470","+0.81%","57,012","3,337","-29","0","+26"
2020/01/20,"58,300","58,300","57,990","58,150",▲,"150","+0.26%","38,794","2,252","-3","0","+10"
2020/01/17,"58,100","58,100","57,800","58,000",▲,"60","+0.10%","27,734","1,607","+8","0","+6"
2020/01/16,"57,830","58,260","57,830","57,940",▲,"140","+0.24%","47,166","2,735","+6","0","+19"
2020/01/15,"57,700","57,990","57,660","57,800",▲,"470","+0.82%","19,636","1,136","-4","0","+4"
2020/01/14,"57,920","57,920","57,050","57,330",▼,"-610","-1.05%","47,558","2,722","+5","0","-2"
2020/01/13,"58,050","58,380","57,900","57,940",▲,"10","+0.02%","39,443","2,290","+13","0","-1"
2020/01/10,"57,950","58,120","57,870","57,930",▼,"-190","-0.33%","43,182","2,503","+2","+1","-2"
2020/01/09,"58,470","58,470","58,000","58,120",▼,"-1,890","-3.15%","104,288","6,073","-4","+2","-5"
2020/01/08,"59,600","60,880","59,600","60,010",▲,"1,260","+2.14%","264,938","15,942","-135","0","+53"
2020/01/07,"59,100","59,100","58,440","58,750",▼,"-670","-1.13%","96,203","5,640","+6","0","-2"
2020/01/06,"58,600","59,430","58,600","59,420",▲,"1,570","+2.71%","177,827","10,511","-119","0","+88"
2020/01/03,"57,110","57,990","57,110","57,850",▲,"990","+1.74%","63,246","3,639","-20","0","+22"
2020/01/02,"56,720","56,860","56,620","56,860",▲,"320","+0.57%","40,028","2,273","+22","0","-2"
2019/12/30,"56,560","56,710","56,480","56,540",▲,"10","+0.02%","32,942","1,864","+16","0","0"
2019/12/27,"56,500","56,630","56,500","56,530",▲,"180","+0.32%","23,260","1,316","+1","0","+2"
2019/12/26,"56,540","56,540","56,100","56,350",▲,"350","+0.63%","30,077","1,693","+6","0","+1"
2019/12/24,"55,720","56,000","55,700","56,000",▲,"390","+0.70%","13,830","773","+2","0","+2"
2019/12/23,"55,440","55,670","55,400","55,610",▲,"40","+0.07%","42,755","2,377","+15","0","-2"
2019/12/20,"55,630","55,670","55,460","55,570",▼,"-40","-0.07%","19,526","1,086","+8","0","-4"
2019/12/19,"55,680","55,720","55,550","55,610",▼,"-70","-0.13%","20,176","1,122","+15","0","-12"
2019/12/18,"55,590","55,710","55,510","55,680",▲,"90","+0.16%","26,710","1,485","+5","0","-8"
2019/12/17,"55,670","55,680","55,530","55,590",▼,"-250","-0.45%","25,966","1,444","+17","0","+2"
2019/12/16,"55,610","55,890","55,610","55,840",▲,"330","+0.59%","11,252","628","+6","0","+1"
2019/12/13,"55,900","55,900","55,390","55,510",▼,"-890","-1.58%","75,166","4,174","+56","0","-13"
2019/12/12,"56,510","56,680","56,390","56,400",▲,"10","+0.02%","26,205","1,482","+8","0","+2"
2019/12/11,"56,270","56,420","56,230","56,390",▲,"130","+0.23%","26,553","1,497","+14","0","+1"
2019/12/10,"56,020","56,350","56,020","56,260",▲,"240","+0.43%","21,618","1,215","+14","0","-3"
2019/12/09,"56,000","56,090","55,930","56,020",▼,"-440","-0.78%","39,515","2,213","+25","0","-1"
2019/12/06,"56,600","56,610","56,390","56,460",▼,"-120","-0.21%","27,059","1,528","-8","0","+6"
2019/12/05,"56,840","56,850","56,410","56,580",▼,"-420","-0.74%","33,726","1,909","+6","0","+8"
2019/12/04,"56,260","57,040","56,260","57,000",▲,"1,140","+2.04%","68,910","3,911","-40","0","+32"
2019/12/03,"55,990","55,990","55,750","55,860",▲,"280","+0.50%","18,844","1,053","-6","0","+7"
2019/12/02,"55,700","55,700","55,390","55,580",▲,"50","+0.09%","18,394","1,021","+1","0","+5"
2019/11/29,"55,400","55,540","55,300","55,530",▲,"130","+0.23%","12,078","669","+2","0","+2"
2019/11/28,"55,290","55,400","55,280","55,400",▲,"110","+0.20%","22,635","1,253","+9","0","+6"
2019/11/27,"55,140","55,320","55,140","55,290",▲,"150","+0.27%","32,599","1,802","-7","0","+11"
2019/11/26,"55,060","55,190","54,870","55,140",▼,"-160","-0.29%","18,266","1,005","-2","0","+1"
2019/11/25,"55,450","55,480","55,270","55,300",▼,"-350","-0.63%","24,462","1,355","0","0","+5"
2019/11/22,"55,800","55,800","55,540","55,650",▼,"-230","-0.41%","20,902","1,162","+9","0","+1"
2019/11/21,"55,570","55,940","55,570","55,880",▲,"330","+0.59%","29,025","1,620","+10","0","+2"
2019/11/20,"55,500","55,580","55,470","55,550",▲,"160","+0.29%","22,604","1,255","-2","0","+8"
2019/11/19,"55,260","55,500","55,260","55,390",▲,"430","+0.78%","34,698","1,922","-1","0","+11"
2019/11/18,"55,290","55,290","54,890","54,960",▼,"-90","-0.16%","18,750","1,033","-4","0","+6"
2019/11/15,"55,400","55,450","55,020","55,050",▼,"-280","-0.51%","14,154","781","+3","0","+2"
2019/11/14,"55,200","55,340","55,100","55,330",▲,"320","+0.58%","10,026","554","-2","0","0"
2019/11/13,"54,750","55,010","54,700","55,010",▲,"640","+1.18%","30,300","1,662","-17","0","+7"
2019/11/12,"54,750","54,750","54,370","54,370",▼,"-460","-0.84%","38,653","2,110","+11","0","+5"
2019/11/11,"54,770","54,830","54,510","54,830",▲,"20","+0.04%","35,250","1,927","-14","0","+12"
2019/11/08,"54,950","54,950","54,590","54,810",▼,"-900","-1.62%","59,309","3,244","+4","0","+2"
2019/11/07,"55,800","55,970","55,680","55,710",▲,"310","+0.56%","26,109","1,456","-3","0","+1"
2019/11/06,"55,760","55,760","55,350","55,400",▼,"-850","-1.51%","84,532","4,689","+4","0","+3"
2019/11/05,"56,500","56,500","56,250","56,250",▼,"-330","-0.58%","35,291","1,988","+11","0","0"
2019/11/04,"56,760","56,760","56,550","56,580",▼,"-180","-0.32%","43,918","2,488","+21","0","+14"
2019/11/01,"56,960","57,000","56,690","56,760",▲,"510","+0.91%","25,635","1,459","-5","0","+9"
2019/10/31,"56,100","56,270","56,030","56,250",▲,"150","+0.27%","31,400","1,761","+16","0","+1"
2019/10/30,"55,990","56,160","55,930","56,100",▲,"100","+0.18%","25,699","1,441","-1","0","0"
2019/10/29,"56,500","56,500","56,000","56,000",▼,"-810","-1.43%","60,945","3,422","+31","0","+2"
2019/10/28,"56,890","56,890","56,690","56,810",▼,"-90","-0.16%","28,558","1,621","+8","0","+3"
2019/10/25,"56,740","57,000","56,740","56,900",▲,"550","+0.98%","36,059","2,050","+9","0","+10"
2019/10/24,"56,270","56,450","56,220","56,350",▲,"100","+0.18%","33,115","1,865","+5","0","+9"
2019/10/23,"56,200","56,420","56,200","56,250",▲,"190","+0.34%","27,930","1,574","+1","0","+3"
2019/10/22,"56,270","56,270","55,990","56,060",▼,"-430","-0.76%","58,097","3,257","+17","0","+1"
2019/10/21,"56,770","56,840","56,390","56,490",▼,"-280","-0.49%","72,277","4,086","+42","0","+1"
2019/10/18,"57,000","57,000","56,730","56,770",▼,"-250","-0.44%","30,495","1,733","+10","0","+2"
2019/10/17,"57,100","57,140","56,940","57,020",▲,"250","+0.44%","28,878","1,646","0","0","+14"
2019/10/16,"56,700","56,940","56,690","56,770",▼,"-230","-0.40%","40,063","2,276","+25","0","+3"
2019/10/15,"57,130","57,150","56,960","57,000",▲,"120","+0.21%","30,226","1,725","+9","0","+5"
2019/10/14,"57,050","57,050","56,710","56,880",▼,"-550","-0.96%","78,029","4,433","+32","0","+3"
2019/10/11,"57,680","57,680","57,350","57,430",▼,"-660","-1.14%","52,177","2,997","+43","0","+3"
2019/10/10,"58,390","58,600","58,010","58,090",▲,"600","+1.04%","56,279","3,285","+9","0","+25"
2019/10/08,"58,000","58,000","57,430","57,490",▼,"-690","-1.19%","58,626","3,376","+51","0","+4"
2019/10/07,"58,240","58,380","58,090","58,180",▼,"-170","-0.29%","19,430","1,131","+4","0","+3"
2019/10/04,"58,350","58,450","58,200","58,350",▲,"870","+1.51%","59,467","3,469","+22","0","+6"
2019/10/02,"57,350","57,700","57,350","57,480",▲,"770","+1.36%","32,645","1,879","+22","0","-4"
2019/10/01,"57,400","57,400","56,630","56,710",▼,"-960","-1.66%","91,659","5,217","+40","0","-10"
2019/09/30,"58,190","58,190","57,630","57,670",▼,"-660","-1.13%","47,015","2,723","+27","0","0"
2019/09/27,"58,400","58,590","58,300","58,330",▼,"-50","-0.09%","30,222","1,766","+24","0","+2"
2019/09/26,"58,400","58,480","58,240","58,380",▼,"-720","-1.22%","44,296","2,586","+24","0","+8"
2019/09/25,"58,950","59,300","58,950","59,100",▲,"570","+0.97%","34,501","2,041","0","0","+7"
2019/09/24,"58,450","58,620","58,420","58,530",▲,"250","+0.43%","38,041","2,227","+17","0","+2"
2019/09/23,"58,500","58,500","58,100","58,280",▲,"470","+0.81%","48,364","2,820","+16","0","+12"
2019/09/20,"57,700","57,890","57,700","57,810",▲,"150","+0.26%","33,804","1,955","+25","+1","+5"
2019/09/19,"57,500","57,750","57,350","57,660",▼,"-40","-0.07%","50,180","2,888","+22","0","+8"
2019/09/18,"57,650","57,850","57,490","57,700",▲,"270","+0.47%","71,254","4,107","+12","0","+14"
2019/09/17,"57,520","57,530","57,380","57,430",▼,"-100","-0.17%","60,273","3,463","+17","0","+19"
2019/09/16,"57,560","57,920","57,410","57,530",▲,"180","+0.31%","78,167","4,512","+38","0","+15"
2019/09/11,"57,250","57,460","57,090","57,350",▼,"-20","-0.03%","82,947","4,752","+23","0","+5"
2019/09/10,"57,990","57,990","57,050","57,370",▼,"-820","-1.41%","104,416","5,996","+24","0","+10"
2019/09/09,"58,750","58,750","57,990","58,190",▼,"-630","-1.07%","91,539","5,329","+23","0","+3"
2019/09/06,"58,950","58,980","58,740","58,820",▼,"-1,050","-1.75%","131,489","7,739","+82","0","-12"
2019/09/05,"60,270","60,270","59,660","59,870",▼,"-110","-0.18%","80,762","4,834","+26","0","-1"
2019/09/04,"60,610","60,740","59,980","59,980",▲,"40","+0.07%","59,648","3,597","+33","0","+6"
2019/09/03,"59,800","59,950","59,790","59,940",▲,"270","+0.45%","34,253","2,050","+16","0","+9"
2019/09/02,"59,980","60,000","59,580","59,670",▼,"-160","-0.27%","59,771","3,571","+38","0","-2"
2019/08/30,"59,750","59,840","59,420","59,830",▼,"-710","-1.17%","117,905","7,022","+86","0","+1"
2019/08/29,"60,270","60,580","60,270","60,540",▲,"280","+0.46%","91,700","5,540","+42","0","+27"
2019/08/28,"60,500","60,560","60,100","60,260",▲,"290","+0.48%","64,617","3,896","+28","0","+17"
2019/08/27,"60,090","60,090","59,800","59,970",▼,"-710","-1.17%","91,511","5,484","+61","0","+7"
2019/08/26,"61,890","61,900","60,480","60,680",▲,"1,850","+3.14%","160,032","9,733","+41","0","+43"
2019/08/23,"59,420","59,500","58,790","58,830",▼,"-430","-0.73%","104,015","6,149","+81","0","-6"
2019/08/22,"59,490","61,120","59,250","59,260",▲,"110","+0.19%","140,058","8,347","+105","0","-18"
2019/08/21,"59,300","59,500","59,080","59,150",▲,"490","+0.84%","226,390","13,412","+185","0","-23"
2019/08/20,"59,800","59,800","58,400","58,660",▼,"-1,320","-2.20%","229,768","13,534","+138","0","-38"
2019/08/19,"61,030","61,030","59,910","59,980",▼,"-1,050","-1.72%","187,005","11,246","+134","0","-38"
2019/08/16,"61,530","62,580","60,850","61,030",▲,"150","+0.25%","240,184","14,819","+190","0","-23"
2019/08/14,"59,980","61,040","59,680","60,880",▼,"-420","-0.69%","144,563","8,767","+74","0","+14"
2019/08/13,"60,160","61,450","60,160","61,300",▲,"1,600","+2.68%","175,552","10,691","+89","0","+30"
2019/08/12,"59,500","59,700","59,400","59,700",▲,"150","+0.25%","149,158","8,873","+37","0","+67"
2019/08/09,"59,100","59,630","59,100","59,550",▲,"320","+0.54%","190,965","11,332","+10","0","+81"
2019/08/08,"59,760","59,850","59,230","59,230",▲,"100","+0.17%","124,360","7,408","+92","0","+4"
2019/08/07,"59,000","59,310","58,850","59,130",▲,"1,010","+1.74%","139,099","8,218","+58","0","+31"
2019/08/06,"58,400","59,990","58,000","58,120",▲,"910","+1.59%","245,643","14,538","+91","0","+30"
2019/08/05,"55,820","57,240","55,820","57,210",▲,"1,800","+3.25%","204,417","11,614","+52","0","+25"
2019/08/02,"55,220","55,450","55,050","55,410",▲,"1,280","+2.36%","146,468","8,106","+7","0","+13"
2019/08/01,"54,500","54,500","54,100","54,130",▼,"-520","-0.95%","61,158","3,314","+31","0","-19"
2019/07/31,"54,500","54,650","54,500","54,650",▲,"320","+0.59%","35,206","1,922","+4","0","+1"
2019/07/30,"54,380","54,450","54,290","54,330",▲,"110","+0.20%","23,412","1,273","+4","0","-1"
2019/07/29,"54,280","54,360","54,150","54,220",▲,"170","+0.31%","30,667","1,664","+12","0","-3"
2019/07/26,"54,080","54,190","54,000","54,050",▼,"-80","-0.15%","22,793","1,233","+10","0","-3"
2019/07/25,"54,140","54,220","54,120","54,130",▲,"110","+0.20%","25,824","1,399","+9","0","-5"
2019/07/24,"53,920","54,120","53,860","54,020",▲,"100","+0.19%","17,851","964","+7","0","0"
2019/07/23,"54,220","54,220","53,850","53,920",▼,"-330","-0.61%","45,696","2,467","+30","0","-6"
2019/07/22,"54,240","54,310","54,140","54,250",▼,"-330","-0.60%","32,761","1,776","+28","0","-11"
2019/07/19,"54,600","54,690","54,510","54,580",▲,"580","+1.07%","29,828","1,629","+10","+1","-2"
2019/07/18,"54,110","54,350","53,900","54,000",▲,"470","+0.88%","36,114","1,955","-2","0","+3"
2019/07/17,"53,580","53,620","53,460","53,530",▼,"-110","-0.21%","41,570","2,226","+10","0","+11"
2019/07/16,"53,750","53,820","53,600","53,640",▼,"-50","-0.09%","17,390","934","+9","0","-3"
2019/07/15,"53,650","53,800","53,600","53,690",▲,"250","+0.47%","35,528","1,908","+19","0","-16"
2019/07/12,"53,690","53,690","53,220","53,440",▼,"-260","-0.48%","21,948","1,172","+15","0","-3"
2019/07/11,"53,690","54,000","53,650","53,700",▲,"700","+1.32%","28,695","1,545","0","0","+4"
2019/07/10,"53,050","53,200","52,990","53,000",▼,"-20","-0.04%","25,498","1,352","+1","0","+8"
2019/07/09,"53,280","53,280","52,890","53,020",▼,"-350","-0.66%","27,362","1,450","+17","0","-2"
2019/07/08,"53,070","53,370","52,860","53,370",▲,"30","+0.06%","25,754","1,367","+7","0","+1"
2019/07/05,"53,400","53,560","53,340","53,340",▲,"60","+0.11%","15,681","838","+5","0","0"
2019/07/04,"53,620","53,630","53,270","53,280",▼,"-350","-0.65%","25,245","1,349","+11","0","-1"
2019/07/03,"53,450","54,000","53,450","53,630",▲,"1,310","+2.50%","55,860","3,000","-32","0","+14"
2019/07/02,"51,770","52,330","51,750","52,320",▲,"620","+1.20%","27,785","1,443","-12","-3","+5"
2019/07/01,"51,900","51,910","51,600","51,700",▼,"-1,070","-2.03%","43,965","2,275","+6","0","-2"
2019/06/28,"52,520","53,010","52,520","52,770",▲,"310","+0.59%","23,544","1,244","-3","0","+1"
2019/06/27,"52,490","52,610","52,270","52,460",▼,"-130","-0.25%","40,025","2,096","+1","0","+19"
2019/06/26,"53,090","53,100","52,440","52,590",▼,"-430","-0.81%","38,088","2,007","-1","0","+11"
2019/06/25,"53,000","53,530","52,890","53,020",▲,"680","+1.30%","59,599","3,164","-4","0","+1"
2019/06/24,"52,270","52,590","52,270","52,340",▲,"150","+0.29%","30,758","1,611","+5","0","+1"
2019/06/21,"51,950","52,590","51,920","52,190",▲,"350","+0.68%","54,919","2,868","-5","0","+16"
2019/06/20,"50,960","52,010","50,960","51,840",▲,"880","+1.73%","72,160","3,724","-31","0","+39"
2019/06/19,"51,220","51,220","50,950","50,960",▼,"-490","-0.95%","33,541","1,714","+6","+1","-1"
2019/06/18,"51,300","51,450","51,200","51,450",▲,"130","+0.25%","29,935","1,535","+7","0","+9"
2019/06/17,"51,330","51,400","51,200","51,320",▼,"-50","-0.10%","30,260","1,553","+12","+3","-4"
2019/06/14,"51,000","51,370","51,000","51,370",▲,"480","+0.94%","17,102","877","-3","0","+1"
2019/06/13,"50,900","51,140","50,890","50,890", ,"0","0%","23,907","1,220","+13","0","-12"
2019/06/12,"50,540","50,890","50,490","50,890",▲,"360","+0.71%","16,387","831","-10","+1","+4"
2019/06/11,"50,660","50,740","50,500","50,530",▼,"-110","-0.22%","26,614","1,347","+12","0","-6"
2019/06/10,"50,800","50,900","50,630","50,640",▼,"-160","-0.31%","26,329","1,336","0","0","+3"
2019/06/07,"50,360","50,810","50,360","50,800",▲,"370","+0.73%","23,068","1,167","-2","0","+3"
2019/06/05,"50,460","50,460","50,320","50,430",▼,"-30","-0.06%","35,833","1,805","-18","0","+15"
2019/06/04,"50,160","50,520","50,160","50,460",▲,"410","+0.82%","44,534","2,243","-16","0","+16"
2019/06/03,"50,010","50,170","49,980","50,050",▲,"520","+1.05%","36,984","1,852","+8","0","+1"
2019/05/31,"49,150","49,640","49,150","49,530",▲,"440","+0.90%","20,470","1,014","-1","0","+2"
2019/05/30,"49,240","49,240","49,000","49,090",▼,"-150","-0.30%","21,334","1,048","+11","0","+4"
2019/05/29,"49,190","49,260","49,090","49,240",▲,"40","+0.08%","13,225","651","0","0","+3"
2019/05/28,"49,120","49,210","49,110","49,200",▲,"70","+0.14%","12,122","596","+2","0","-1"
2019/05/27,"49,270","49,280","49,130","49,130",▼,"-140","-0.28%","15,479","761","+3","0","+6"
2019/05/24,"49,060","49,310","49,060","49,270",▲,"330","+0.67%","10,372","511","+4","0","+1"
2019/05/23,"49,130","49,130","48,880","48,940",▼,"-150","-0.31%","25,966","1,273","+15","0","+7"
2019/05/22,"49,110","49,140","49,070","49,090",▼,"-90","-0.18%","16,793","825","+10","0","+1"
2019/05/21,"49,110","49,270","49,090","49,180",▲,"100","+0.20%","19,483","958","+14","0","0"
2019/05/20,"49,600","49,600","49,010","49,080",▼,"-580","-1.17%","30,121","1,480","+15","0","-8"
2019/05/17,"49,650","49,660","49,310","49,660",▼,"-40","-0.08%","20,318","1,005","+7","0","-3"
2019/05/16,"49,790","49,790","49,600","49,700",▲,"70","+0.14%","23,298","1,157","+3","0","+3"
2019/05/15,"49,580","49,820","49,580","49,630",▲,"50","+0.10%","22,806","1,133","+11","0","-1"
2019/05/14,"49,520","49,850","49,450","49,580",▲,"600","+1.22%","65,673","3,259","-10","0","+29"
2019/05/13,"48,840","49,070","48,840","48,980",▲,"170","+0.35%","35,334","1,731","+12","0","-1"
2019/05/10,"48,610","48,830","48,610","48,810",▲,"230","+0.47%","34,578","1,686","-5","0","+6"
2019/05/09,"48,460","48,580","48,390","48,580",▲,"30","+0.06%","31,352","1,521","-13","0","+13"
2019/05/08,"48,430","48,550","48,430","48,550",▲,"250","+0.52%","40,135","1,949","-4","0","+5"
2019/05/07,"48,030","48,480","48,030","48,300",▲,"280","+0.58%","17,310","837","-5","0","+7"
2019/05/03,"47,990","48,070","47,980","48,020", ,"0","0%","21,718","1,043","+11","0","+4"
2019/05/02,"48,280","48,280","47,850","48,020",▼,"-280","-0.58%","59,826","2,873","+44","-1","-1"
2019/04/30,"48,150","48,340","48,050","48,300",▲,"120","+0.25%","23,166","1,116","-2","+1","+8"
2019/04/29,"48,060","48,180","48,010","48,180",▲,"130","+0.27%","40,040","1,926","+14","0","-2"
2019/04/26,"47,900","48,050","47,860","48,050",▲,"150","+0.31%","40,260","1,931","+16","0","-1"
2019/04/25,"47,390","47,900","47,390","47,900",▲,"770","+1.63%","30,742","1,468","+8","0","-4"
2019/04/24,"47,000","47,150","46,950","47,130",▲,"180","+0.38%","58,318","2,737","+15","0","-4"
2019/04/23,"47,160","47,200","46,950","46,950",▼,"-200","-0.42%","26,387","1,240","+24","0","-1"
2019/04/22,"46,880","47,230","46,880","47,150",▲,"230","+0.49%","12,848","605","+10","0","-1"
2019/04/19,"46,990","46,990","46,670","46,920",▲,"180","+0.39%","28,860","1,351","-5","0","+4"
2019/04/18,"46,790","46,790","46,690","46,740",▼,"-110","-0.23%","25,376","1,186","+11","0","-2"
2019/04/17,"46,900","46,940","46,810","46,850",▼,"-320","-0.68%","14,703","689","+7","0","-2"
2019/04/16,"47,100","47,240","47,100","47,170",▲,"20","+0.04%","18,257","861","+10","0","+5"
2019/04/15,"47,400","47,400","47,120","47,150",▼,"-460","-0.97%","29,884","1,411","+20","0","-6"
2019/04/12,"47,650","47,660","47,530","47,610",▼,"-360","-0.75%","8,715","415","+6","0","-3"
2019/04/11,"48,000","48,000","47,930","47,970",▲,"60","+0.13%","5,759","276","-2","0","+1"
2019/04/10,"47,890","48,040","47,890","47,910",▲,"30","+0.06%","9,769","469","0","0","+4"
2019/04/09,"47,770","47,920","47,770","47,880",▲,"170","+0.36%","7,692","368","+1","0","0"
2019/04/08,"47,380","47,790","47,350","47,710",▲,"500","+1.06%","9,572","455","-3","0","-2"
2019/04/05,"47,350","47,370","47,210","47,210",▼,"-160","-0.34%","14,330","677","+12","0","-7"
2019/04/04,"47,380","47,380","47,250","47,370",▼,"-10","-0.02%","6,394","302","0","0","-1"
2019/04/03,"47,440","47,440","47,250","47,380",▲,"130","+0.28%","10,406","493","+3","0","0"
2019/04/02,"47,200","47,250","47,060","47,250", ,"0","0%","19,585","923","-1","0","+1"
2019/04/01,"47,480","47,480","47,220","47,250",▼,"-90","-0.19%","8,541","404","+4","0","-1"
2019/03/29,"47,930","47,930","47,250","47,340",▼,"-630","-1.31%","19,934","945","+15","0","-5"
2019/03/28,"48,030","48,090","47,970","47,970",▼,"-130","-0.27%","10,840","521","+1","0","0"
2019/03/27,"48,050","48,180","48,050","48,100",▲,"20","+0.04%","12,102","583","-1","0","0"
2019/03/26,"48,210","48,300","48,030","48,080",▲,"80","+0.17%","21,688","1,044","-3","0","-1"
2019/03/25,"47,830","48,130","47,830","48,000",▲,"300","+0.63%","20,082","965","-4","0","+3"
2019/03/22,"47,750","47,750","47,550","47,700",▼,"-150","-0.31%","12,167","580","+3","0","-1"
2019/03/21,"47,700","47,860","47,700","47,850",▲,"210","+0.44%","21,955","1,050","+6","0","-2"
2019/03/20,"47,630","47,690","47,570","47,640",▲,"10","+0.02%","22,230","1,059","+18","0","-6"
2019/03/19,"47,420","47,690","47,420","47,630",▲,"210","+0.44%","6,344","302","+5","0","0"
2019/03/18,"47,740","47,740","47,220","47,420",▼,"-250","-0.52%","12,646","601","+1","0","-5"
2019/03/15,"47,600","47,670","47,320","47,670",▲,"40","+0.08%","8,905","423","+2","0","-2"
2019/03/14,"47,640","47,710","47,630","47,630",▲,"50","+0.11%","10,231","488","+5","0","-4"
2019/03/13,"47,380","47,690","47,350","47,580",▲,"400","+0.85%","9,264","441","+2","+1","-4"
2019/03/12,"47,300","47,300","47,080","47,180",▼,"-280","-0.59%","9,708","458","+8","0","-5"
2019/03/11,"47,330","47,480","47,330","47,460",▲,"250","+0.53%","14,591","692","+7","0","-6"
2019/03/08,"46,810","47,210","46,810","47,210",▲,"390","+0.83%","6,846","322","+1","0","-1"
2019/03/07,"46,880","46,890","46,770","46,820",▼,"-70","-0.15%","24,340","1,140","+23","0","-8"
2019/03/06,"46,820","46,950","46,700","46,890",▲,"70","+0.15%","21,911","1,025","0","0","-5"
2019/03/05,"46,810","46,820","46,640","46,820",▼,"-120","-0.26%","19,529","913","0","0","+4"
2019/03/04,"47,600","47,600","46,920","46,940",▼,"-670","-1.41%","42,161","1,981","+27","0","-20"
2019/02/28,"47,820","47,820","47,530","47,610",▼,"-220","-0.46%","40,634","1,934","+34","0","-12"
2019/02/27,"47,910","47,920","47,770","47,830",▼,"-90","-0.19%","21,383","1,022","+11","0","-13"
2019/02/26,"47,950","47,950","47,730","47,920",▼,"-120","-0.25%","15,181","726","+3","0","-4"
2019/02/25,"48,000","48,080","47,950","48,040",▲,"40","+0.08%","7,677","369","+5","0","-3"
2019/02/22,"48,330","48,330","47,900","48,000",▼,"-330","-0.68%","22,726","1,091","+2","0","-1"
2019/02/21,"48,460","48,510","48,300","48,330",▼,"-150","-0.31%","16,411","795","-4","0","-3"
2019/02/20,"48,320","48,550","48,320","48,480",▲,"480","+1.00%","26,928","1,305","-8","0","-3"
2019/02/19,"47,940","48,120","47,940","48,000",▲,"140","+0.29%","36,536","1,756","+1","0","-2"
2019/02/18,"47,690","47,920","47,690","47,860",▲,"280","+0.59%","19,393","928","-3","0","+1"
2019/02/15,"47,380","47,630","47,380","47,580",▲,"200","+0.42%","19,680","936","-12","0","+1"
2019/02/14,"47,190","47,380","47,050","47,380",▲,"30","+0.06%","13,494","639","-9","0","0"
2019/02/13,"47,390","47,390","47,230","47,350",▼,"-40","-0.08%","19,223","910","+2","0","-4"
2019/02/12,"47,460","47,460","47,220","47,390",▼,"-40","-0.08%","15,923","753","-1","0","0"
2019/02/11,"47,350","47,500","47,350","47,430",▲,"120","+0.25%","13,187","626","-6","0","0"
2019/02/08,"47,300","47,420","47,300","47,310",▲,"170","+0.36%","13,757","652","-6","0","+1"
2019/02/07,"47,280","47,280","46,270","47,140",▼,"-190","-0.40%","15,510","731","-8","0","0"
2019/02/01,"47,090","47,350","47,090","47,330",▲,"250","+0.53%","30,989","1,465","-22","0","+5"
2019/01/31,"47,100","47,170","47,000","47,080",▼,"-10","-0.02%","16,375","771","-7","0","+4"
2019/01/30,"46,850","47,160","46,850","47,090",▲,"240","+0.51%","35,500","1,668","-14","0","+7"
2019/01/29,"46,900","46,940","46,800","46,850",▲,"80","+0.17%","8,770","411","-5","0","+2"
2019/01/28,"46,600","46,810","46,600","46,770",▲,"330","+0.71%","25,707","1,202","-14","0","+10"
2019/01/25,"46,510","46,590","46,360","46,440",▼,"-140","-0.30%","20,385","948","+14","0","-3"
2019/01/24,"46,580","46,600","46,480","46,580",▲,"20","+0.04%","6,608","308","-1","0","0"
2019/01/23,"46,550","46,690","46,550","46,560", ,"0","0%","13,632","636","+6","0","0"
2019/01/22,"46,410","46,570","46,410","46,560",▲,"80","+0.17%","9,953","463","-1","0","0"
2019/01/21,"46,200","46,500","46,200","46,480",▼,"-140","-0.30%","30,324","1,408","-16","0","+2"
2019/01/18,"46,620","46,650","46,560","46,620", ,"0","0%","13,251","618","-4","0","+2"
2019/01/17,"46,460","46,650","46,460","46,620",▲,"160","+0.34%","24,404","1,137","-13","0","+5"
2019/01/16,"46,470","46,610","46,250","46,460",▼,"-110","-0.24%","41,770","1,944","-20","0","+8"
2019/01/15,"46,630","46,630","46,500","46,570",▼,"-50","-0.11%","15,794","735","-2","0","+2"
2019/01/14,"46,480","46,630","46,480","46,620",▲,"140","+0.30%","10,878","506","-6","0","+1"
2019/01/11,"46,440","46,480","46,150","46,480",▼,"-110","-0.24%","6,982","324","-3","0","+2"
2019/01/10,"46,440","46,620","46,440","46,590",▲,"300","+0.65%","10,844","505","-3","0","-1"
2019/01/09,"46,400","46,490","46,290","46,290",▼,"-140","-0.30%","14,921","692","-4","0","+2"
2019/01/08,"46,560","46,560","46,290","46,430",▼,"-240","-0.51%","9,484","440","-2","0","0"
2019/01/07,"46,680","46,680","46,200","46,670",▼,"-110","-0.24%","12,053","559","+2","0","+1"
2019/01/04,"46,800","47,000","46,730","46,780",▲,"50","+0.11%","29,504","1,382","-7","0","-1"
2019/01/03,"46,290","46,760","46,250","46,730",▲,"490","+1.06%","42,273","1,971","-27","0","+5"
2019/01/02,"45,970","46,280","45,960","46,240",▲,"270","+0.59%","21,244","980","-12","0","+6"
2018/12/28,"45,900","46,050","45,900","45,970",▲,"210","+0.46%","19,222","884","-10","0","-2"
2018/12/27,"45,800","45,920","45,650","45,760",▼,"-330","-0.72%","23,322","1,068","-14","0","0"
2018/12/26,"45,770","46,090","45,770","46,090",▲,"380","+0.83%","48,824","2,245","-35","0","+7"
2018/12/24,"45,530","45,710","45,530","45,710",▲,"210","+0.46%","21,545","984","-17","0","+4"
2018/12/21,"45,600","45,640","45,420","45,500",▲,"200","+0.44%","32,222","1,469","-15","0","+2"
2018/12/20,"45,340","45,340","45,200","45,300", ,"0","0%","11,258","510","0","0","+2"
2018/12/19,"45,280","45,360","45,280","45,300",▲,"40","+0.09%","33,974","1,540","-10","0","+4"
2018/12/18,"45,310","45,400","45,250","45,260",▲,"190","+0.42%","34,033","1,542","-14","0","-2"
2018/12/17,"45,380","45,380","45,050","45,070",▼,"-90","-0.20%","5,204","235","+2","0","-1"
2018/12/14,"45,000","45,180","45,000","45,160",▲,"160","+0.36%","11,199","505","-4","0","-3"
2018/12/13,"45,190","45,200","45,000","45,000",▼,"-180","-0.40%","11,599","523","+3","0","-6"
2018/12/12,"45,250","45,250","45,150","45,180",▼,"-70","-0.15%","11,323","512","-3","0","-2"
2018/12/11,"45,130","45,270","45,130","45,250",▲,"50","+0.11%","31,990","1,447","-15","0","+13"
2018/12/10,"44,950","45,270","44,950","45,200",▲,"590","+1.32%","43,063","1,943","-36","0","+22"
2018/12/07,"44,700","44,700","44,600","44,610",▼,"-80","-0.18%","4,689","209","-1","0","+1"
2018/12/06,"44,500","44,700","44,470","44,690",▲,"350","+0.79%","22,786","1,016","-4","0","+8"
2018/12/05,"44,480","44,480","44,310","44,340",▲,"180","+0.41%","9,869","438","+5","0","-3"
2018/12/04,"44,060","44,190","44,060","44,160",▲,"110","+0.25%","8,558","378","-4","0","+2"
2018/12/03,"44,260","44,270","43,990","44,050",▼,"-220","-0.50%","24,251","1,068","+14","0","-1"
2018/11/30,"44,260","44,330","44,000","44,270",▼,"-30","-0.07%","9,906","438","-1","0","+3"
2018/11/29,"44,210","44,330","44,210","44,300",▲,"130","+0.29%","5,811","257","+2","0","+1"
2018/11/28,"44,380","44,380","44,130","44,170",▼,"-410","-0.92%","20,032","886","+10","0","-7"
2018/11/27,"44,550","44,610","44,540","44,580",▼,"-60","-0.13%","4,521","202","+2","0","0"
2018/11/26,"44,660","44,750","44,550","44,640",▼,"-140","-0.31%","8,013","358","+3","0","0"
2018/11/23,"44,740","44,780","44,690","44,780",▲,"70","+0.16%","8,030","359","-2","0","+3"
2018/11/22,"44,650","44,710","44,620","44,710",▲,"110","+0.25%","9,625","430","-2","0","+2"
2018/11/21,"44,480","44,600","44,480","44,600",▲,"170","+0.38%","8,471","377","-2","0","+3"
2018/11/20,"44,460","44,580","44,430","44,430", ,"0","0%","10,478","466","-3","0","+5"
2018/11/19,"44,260","44,430","44,250","44,430",▲,"170","+0.38%","11,254","499","-1","0","+2"
2018/11/16,"44,130","44,330","44,120","44,260",▲,"70","+0.16%","7,665","339","+4","0","0"
2018/11/15,"44,200","44,200","44,110","44,190",▲,"190","+0.43%","14,517","641","+7","0","+1"
2018/11/14,"43,990","44,030","43,860","44,000",▲,"10","+0.02%","9,414","414","+2","0","+1"
2018/11/13,"44,240","44,240","43,980","43,990",▼,"-230","-0.52%","14,043","619","+11","0","-4"
2018/11/12,"44,150","44,260","44,090","44,220",▼,"-160","-0.36%","9,702","428","0","0","+1"
2018/11/09,"44,220","44,390","44,220","44,380",▲,"170","+0.38%","2,139","95","+1","0","0"
2018/11/08,"44,310","44,330","44,190","44,210",▼,"-310","-0.70%","13,892","615","+11","0","-4"
2018/11/07,"44,530","44,590","44,390","44,520",▼,"-50","-0.11%","16,954","754","+13","0","-2"
2018/11/06,"44,670","44,670","44,510","44,570",▼,"-100","-0.22%","16,298","726","+10","0","-5"
2018/11/05,"44,700","44,730","44,650","44,670",▼,"-50","-0.11%","25,949","1,159","+23","0","-2"
2018/11/02,"44,930","44,930","44,570","44,720",▲,"30","+0.07%","14,127","632","+9","0","-1"
2018/11/01,"44,780","44,880","44,650","44,690",▼,"-100","-0.22%","13,320","596","-1","0","+2"
2018/10/31,"44,830","45,020","44,760","44,790",▼,"-320","-0.71%","20,476","918","+7","0","0"
2018/10/30,"45,380","45,380","45,100","45,110",▼,"-230","-0.51%","17,432","788","+7","0","-3"
2018/10/29,"45,340","45,380","45,190","45,340", ,"0","0%","39,121","1,773","+24","0","-20"
2018/10/26,"45,260","45,420","45,050","45,340",▲,"40","+0.09%","32,530","1,474","+1","0","-2"
2018/10/25,"45,100","45,310","45,090","45,300",▲,"330","+0.73%","31,930","1,445","-18","0","+12"
2018/10/24,"45,010","45,060","44,900","44,970",▲,"70","+0.16%","29,388","1,322","+15","0","-4"
2018/10/23,"44,660","44,900","44,660","44,900",▲,"220","+0.49%","13,897","623","-1","0","+2"
2018/10/22,"44,870","44,900","44,650","44,680",▼,"-170","-0.38%","10,035","450","+3","0","-2"
2018/10/19,"44,850","44,900","44,790","44,850",▲,"200","+0.45%","36,568","1,640","-12","0","+12"
2018/10/18,"44,510","44,680","44,450","44,650",▲,"140","+0.31%","15,944","711","-5","0","+3"
2018/10/17,"44,800","44,800","44,330","44,510",▼,"-100","-0.22%","16,573","736","+6","0","0"
2018/10/16,"44,790","44,800","44,560","44,610",▼,"-20","-0.04%","10,736","480","+2","0","0"
2018/10/15,"44,370","44,640","44,360","44,630",▲,"260","+0.59%","25,262","1,126","-12","0","+9"
2018/10/12,"44,300","44,570","44,300","44,370",▲,"440","+1.00%","31,280","1,391","-21","0","+14"
2018/10/11,"43,860","43,950","43,800","43,930",▲,"380","+0.87%","20,854","916","-13","0","+14"
2018/10/10,"43,500","43,550","43,480","43,550",▼,"-190","-0.43%","5,269","229","0","0","+1"
2018/10/08,"43,900","43,910","43,700","43,740",▲,"10","+0.02%","9,704","425","-2","0","+3"
2018/10/05,"43,640","43,760","43,640","43,730",▲,"90","+0.21%","26,775","1,170","-16","0","+18"
2018/10/04,"43,350","43,640","43,350","43,640",▲,"530","+1.23%","14,845","646","-9","0","+9"
2018/10/02,"42,780","43,110","42,780","43,110",▲,"270","+0.63%","5,364","230","+3","0","-1"
2018/10/01,"43,000","43,000","42,600","42,840",▲,"180","+0.42%","9,163","392","+2","0","0"
2018/09/28,"42,990","42,990","42,510","42,660",▼,"-510","-1.18%","42,751","1,823","+29","0","+1"
2018/09/27,"43,300","43,390","43,000","43,170",▼,"-410","-0.94%","39,942","1,722","+34","0","0"
2018/09/21,"43,620","43,630","43,570","43,580",▼,"-30","-0.07%","6,989","305","+4","0","-1"
2018/09/20,"43,520","43,610","43,430","43,610",▲,"90","+0.21%","8,465","369","+2","0","-1"
2018/09/19,"43,550","43,630","43,460","43,520",▼,"-10","-0.02%","9,028","393","+3","0","+1"
2018/09/18,"43,690","43,750","43,530","43,530",▲,"40","+0.09%","7,803","340","+1","0","+1"
2018/09/17,"43,730","43,730","43,300","43,490",▼,"-10","-0.02%","9,819","426","-2","0","+4"
2018/09/14,"43,510","43,630","43,500","43,500",▼,"-250","-0.57%","10,750","468","+10","0","0"
2018/09/13,"43,700","43,760","43,560","43,750",▲,"190","+0.44%","9,860","431","+2","0","+3"
2018/09/12,"43,630","43,630","43,450","43,560",▲,"140","+0.32%","13,368","582","+11","0","-2"
2018/09/11,"43,570","43,670","43,360","43,420",▼,"-160","-0.37%","17,373","756","+12","0","+1"
2018/09/10,"43,600","43,600","43,470","43,580",▲,"20","+0.05%","4,992","217","+3","0","0"
2018/09/07,"43,580","43,650","43,520","43,560",▲,"90","+0.21%","15,498","675","+7","0","+1"
2018/09/06,"43,300","43,470","43,300","43,470",▲,"300","+0.69%","4,807","208","+1","0","0"
2018/09/05,"43,210","43,330","43,050","43,170",▲,"20","+0.05%","12,458","537","+9","0","0"
2018/09/04,"43,450","43,450","43,150","43,150",▼,"-150","-0.35%","15,328","663","+12","0","+1"
2018/09/03,"43,350","43,550","43,100","43,300",▼,"-120","-0.28%","16,121","697","+13","0","0"
2018/08/31,"43,100","43,440","43,100","43,420",▲,"70","+0.16%","5,786","251","+1","0","+2"
2018/08/30,"43,500","43,500","43,100","43,350",▲,"140","+0.32%","53,999","2,335","+13","0","0"
2018/08/29,"43,400","43,400","43,080","43,210",▼,"-210","-0.48%","56,281","2,427","+19","0","+2"
2018/08/28,"43,600","43,600","43,300","43,420", ,"0","0%","98,143","4,248","+12","0","0"
2018/08/27,"44,030","44,030","43,390","43,420",▼,"-10","-0.02%","26,055","1,132","+11","0","+1"
2018/08/24,"43,500","43,700","43,400","43,430",▼,"-30","-0.07%","40,790","1,769","+14","0","0"
2018/08/23,"43,430","43,690","43,430","43,460",▲,"30","+0.07%","69,557","3,011","+3","0","0"
2018/08/22,"43,340","43,650","43,270","43,430",▲,"90","+0.21%","54,641","2,371","+15","0","0"
2018/08/21,"43,250","43,340","43,170","43,340",▲,"150","+0.35%","31,136","1,346","+20","0","0"
2018/08/20,"43,610","43,990","43,100","43,190",▼,"-410","-0.94%","42,650","1,852","+30","0","-1"
2018/08/17,"43,550","44,200","43,220","43,600",▲,"50","+0.11%","15,783","690","+9","0","+1"
2018/08/16,"43,100","43,550","43,100","43,550",▼,"-210","-0.48%","22,498","973","+17","0","-5"
2018/08/14,"44,050","44,050","43,700","43,760",▼,"-540","-1.22%","37,164","1,627","+34","0","-1"
2018/08/13,"44,260","44,350","44,170","44,300",▲,"320","+0.73%","16,660","738","+9","0","-1"
2018/08/10,"44,130","44,130","43,980","43,980",▲,"50","+0.11%","12,222","538","+9","0","0"
2018/08/09,"43,960","44,020","43,810","43,930",▼,"-70","-0.16%","20,053","880","+18","0","-1"
2018/08/08,"44,010","44,030","43,890","44,000",▼,"-50","-0.11%","94,346","4,139","+24","0","-4"
2018/08/07,"44,130","44,200","44,000","44,050",▼,"-80","-0.18%","13,117","578","+8","0","+1"
2018/08/06,"44,040","44,180","44,040","44,130",▲,"90","+0.20%","13,154","580","+11","0","0"
2018/08/03,"44,150","44,160","44,010","44,040",▼,"-360","-0.81%","27,161","1,196","+27","0","-6"
2018/08/02,"44,150","44,400","44,000","44,400",▲,"180","+0.41%","12,484","551","+8","0","0"
2018/08/01,"44,150","44,300","44,110","44,220",▲,"70","+0.16%","13,102","579","+9","0","-1"
2018/07/31,"44,090","44,190","44,090","44,150", ,"0","0%","27,307","1,205","+15","0","-8"
2018/07/30,"44,200","44,210","44,090","44,150",▼,"-50","-0.11%","22,094","975","+16","0","-8"
2018/07/27,"44,480","44,480","44,150","44,200",▼,"-260","-0.58%","37,781","1,673","+29","0","-11"
2018/07/26,"44,500","44,620","44,420","44,460",▼,"-160","-0.36%","26,043","1,159","+19","0","0"
2018/07/25,"44,750","44,750","44,540","44,620",▼,"-80","-0.18%","16,503","736","+14","0","0"
2018/07/24,"44,880","44,920","44,610","44,700",▼,"-170","-0.38%","13,920","623","+9","0","-1"
2018/07/23,"45,100","45,100","44,850","44,870",▲,"160","+0.36%","19,286","866","+9","0","-1"
2018/07/20,"44,790","44,830","44,650","44,710",▼,"-50","-0.11%","21,781","974","+17","0","-2"
2018/07/19,"44,800","44,800","44,660","44,760",▲,"10","+0.02%","73,389","3,276","+16","0","-12"
2018/07/18,"45,060","45,060","44,690","44,750",▼,"-330","-0.73%","21,254","951","+17","0","-2"
2018/07/17,"45,210","45,210","44,950","45,080",▼,"-130","-0.29%","17,053","768","0","0","0"
2018/07/16,"45,150","45,250","45,070","45,210",▲,"60","+0.13%","8,967","405","-6","0","+2"
2018/07/13,"45,120","45,190","45,120","45,150",▼,"-60","-0.13%","5,175","234","-1","0","0"
2018/07/12,"45,200","45,270","45,160","45,210",▼,"-30","-0.07%","6,821","308","-3","0","+1"
2018/07/11,"45,340","45,340","45,150","45,240",▼,"-30","-0.07%","3,992","181","-2","0","0"
2018/07/10,"45,390","45,390","45,100","45,270",▲,"70","+0.15%","8,276","374","0","0","+3"
2018/07/09,"45,270","45,270","45,020","45,200",▲,"200","+0.44%","8,597","388","-3","0","+1"
2018/07/06,"45,380","45,430","45,000","45,000",▼,"-280","-0.62%","8,219","373","-3","0","+2"
2018/07/05,"45,250","45,370","45,230","45,280",▲,"30","+0.07%","8,869","402","-4","0","+3"
2018/07/04,"45,140","45,310","45,120","45,250",▲,"460","+1.03%","5,561","251","-4","0","0"
2018/07/03,"44,980","44,980","44,780","44,790",▼,"-290","-0.64%","16,041","719","+12","0","-7"
2018/07/02,"45,130","45,130","45,030","45,080",▲,"70","+0.16%","4,262","192","-1","0","0"
2018/06/29,"45,160","45,180","44,910","45,010",▼,"-380","-0.84%","26,750","1,205","+13","0","-7"
2018/06/28,"45,330","45,390","45,300","45,390",▲,"80","+0.18%","69,019","3,124","0","0","+3"
2018/06/27,"45,300","45,360","45,260","45,310",▼,"-40","-0.09%","11,021","499","+1","0","+3"
2018/06/26,"45,510","45,750","45,350","45,350",▼,"-160","-0.35%","5,859","266","-1","0","+1"
2018/06/25,"45,600","45,710","45,510","45,510",▲,"120","+0.26%","5,748","262","-3","0","-1"
2018/06/22,"45,300","45,520","45,290","45,390",▲,"120","+0.27%","4,574","207","0","0","-1"
2018/06/21,"45,450","45,450","45,250","45,270",▼,"-180","-0.40%","4,342","197","+2","0","0"
2018/06/20,"45,720","45,720","45,450","45,450",▼,"-280","-0.61%","11,531","525","0","0","0"
2018/06/19,"45,670","45,840","45,580","45,730",▲,"160","+0.35%","18,339","837","-12","0","-1"
2018/06/18,"45,450","45,660","45,410","45,570",▼,"-230","-0.50%","13,765","627","-9","0","0"
2018/06/15,"45,600","45,810","45,560","45,800",▲,"500","+1.10%","27,426","1,253","-25","0","+2"
2018/06/14,"45,200","45,300","45,200","45,300",▲,"270","+0.60%","12,795","579","-8","0","0"
2018/06/12,"45,080","45,110","44,920","45,030",▲,"70","+0.16%","10,650","479","+4","0","0"
2018/06/11,"44,960","45,040","44,950","44,960",▲,"130","+0.29%","9,097","409","+1","0","0"
2018/06/08,"44,810","44,920","44,810","44,830",▲,"70","+0.16%","5,706","256","-1","0","0"
2018/06/07,"44,660","44,760","44,660","44,760",▲,"110","+0.25%","7,669","343","+1","0","+1"
2018/06/05,"44,710","44,710","44,580","44,650",▼,"-50","-0.11%","62,937","2,805","+11","0","-4"
2018/06/04,"45,070","45,070","44,640","44,700",▼,"-500","-1.11%","40,974","1,832","+20","0","+7"
2018/06/01,"45,330","45,330","45,070","45,200",▼,"-140","-0.31%","5,246","237","+3","0","0"
2018/05/31,"45,300","45,340","45,170","45,340",▲,"30","+0.07%","8,236","372","+1","0","-4"
2018/05/30,"45,400","45,440","45,220","45,310",▲,"190","+0.42%","54,879","2,484","-2","0","+1"
2018/05/29,"45,030","45,190","45,030","45,120",▲,"160","+0.36%","6,965","314","-3","0","+1"
2018/05/28,"45,150","45,150","44,890","44,960",▼,"-290","-0.64%","20,720","932","0","0","+5"
2018/05/25,"45,570","45,570","45,250","45,250",▲,"100","+0.22%","14,234","646","-1","0","+5"
2018/05/24,"45,090","45,220","45,090","45,150",▲,"150","+0.33%","4,526","204","+1","0","0"
2018/05/23,"45,040","45,080","44,970","45,000",▼,"-40","-0.09%","16,613","748","+5","0","+3"
2018/05/21,"44,990","45,250","44,990","45,040",▲,"80","+0.18%","8,956","404","+5","0","-5"
2018/05/18,"45,000","45,090","44,890","44,960",▼,"-40","-0.09%","12,859","578","+12","0","-5"
2018/05/17,"45,050","45,050","44,970","45,000",▼,"-50","-0.11%","12,820","577","+8","0","-3"
2018/05/16,"45,360","45,360","45,000","45,050",▼,"-400","-0.88%","39,057","1,761","+34","0","-20"
2018/05/15,"45,600","45,600","45,350","45,450", ,"0","0%","18,921","860","+8","0","-1"
2018/05/14,"45,210","45,650","45,210","45,450",▲,"10","+0.02%","12,728","578","+10","0","0"
2018/05/11,"45,500","45,630","45,440","45,440",▼,"-60","-0.13%","14,938","680","+8","0","-1"
2018/05/10,"45,670","45,790","45,430","45,500",▼,"-170","-0.37%","9,095","414","+2","0","0"
2018/05/09,"45,700","45,920","45,560","45,670",▲,"110","+0.24%","18,847","861","-14","0","+12"
2018/05/08,"45,560","45,740","45,550","45,560", ,"0","0%","17,895","816","-9","0","+9"
2018/05/04,"45,550","45,580","45,490","45,560",▲,"130","+0.29%","7,936","361","-3","0","+1"
2018/05/03,"45,600","45,600","45,370","45,430", ,"0","0%","8,410","382","+3","0","-1"
2018/05/02,"45,400","45,500","45,200","45,430",▼,"-40","-0.09%","19,239","871","+9","0","-2"
2018/04/30,"45,900","45,900","45,400","45,470",▼,"-180","-0.39%","24,238","1,102","-1","0","0"
2018/04/27,"45,990","45,990","45,600","45,650",▼,"-400","-0.87%","18,032","824","+6","0","-6"
2018/04/26,"46,050","46,150","45,970","46,050",▼,"-20","-0.04%","5,532","255","0","0","-1"
2018/04/25,"46,060","46,190","46,050","46,070",▲,"90","+0.20%","5,910","273","-2","0","+3"
2018/04/24,"45,980","46,030","45,900","45,980", ,"0","0%","3,867","178","-2","0","0"
2018/04/23,"46,000","46,000","45,890","45,980",▼,"-160","-0.35%","5,080","233","+1","0","-3"
2018/04/20,"46,130","46,220","46,090","46,140",▲,"10","+0.02%","14,342","662","-6","0","-1"
2018/04/19,"46,310","46,320","46,130","46,130",▼,"-40","-0.09%","12,836","593","-12","0","+1"
2018/04/18,"46,230","46,260","46,010","46,170",▼,"-130","-0.28%","7,510","347","-4","0","+2"
2018/04/17,"46,400","46,500","46,200","46,300",▼,"-140","-0.30%","10,383","482","-1","0","+2"
2018/04/16,"46,450","46,500","46,180","46,440",▲,"320","+0.69%","19,629","911","-15","0","+2"
2018/04/13,"46,000","46,400","45,920","46,120",▼,"-330","-0.71%","12,149","561","-3","0","+3"
2018/04/12,"46,350","46,520","46,220","46,450",▲,"350","+0.76%","43,149","2,003","-36","0","+25"
2018/04/11,"46,000","46,100","45,970","46,100",▲,"270","+0.59%","27,429","1,263","-21","0","+18"
2018/04/10,"45,900","46,100","45,800","45,830",▲,"80","+0.17%","18,722","861","-14","0","+10"
2018/04/09,"45,520","45,850","45,520","45,750",▲,"110","+0.24%","9,865","451","-3","0","0"
2018/04/06,"45,550","45,720","45,540","45,640",▲,"160","+0.35%","9,474","432","-5","0","+2"
2018/04/05,"45,620","45,620","45,390","45,480",▼,"-140","-0.31%","18,184","827","+11","0","-11"
2018/04/04,"46,500","46,500","45,390","45,620",▼,"-30","-0.07%","7,832","356","+6","0","-5"
2018/04/03,"45,800","45,800","45,650","45,650",▲,"250","+0.55%","6,889","315","+4","0","0"
2018/04/02,"45,880","45,880","45,300","45,400",▼,"-400","-0.87%","43,507","1,976","+37","0","-2"
2018/03/30,"46,000","46,000","45,660","45,800",▲,"110","+0.24%","10,143","464","+5","0","+2"
2018/03/29,"45,690","45,830","45,570","45,690",▼,"-480","-1.04%","18,820","859","+14","0","-4"
2018/03/28,"46,500","46,510","46,160","46,170",▼,"-330","-0.71%","16,523","766","-1","0","+7"
2018/03/27,"46,520","46,750","46,490","46,500",▼,"-250","-0.53%","16,875","787","-14","0","+10"
2018/03/26,"47,000","47,000","46,690","46,750",▲,"250","+0.54%","30,181","1,412","-16","0","+16"
2018/03/23,"46,290","46,580","46,260","46,500",▲,"660","+1.44%","31,522","1,465","-24","0","+20"
2018/03/22,"45,800","45,910","45,760","45,840",▲,"390","+0.86%","15,232","698","-6","0","+8"
2018/03/21,"45,360","45,500","45,320","45,450",▲,"30","+0.07%","11,828","537","-1","0","-1"
2018/03/20,"45,410","45,620","45,410","45,420",▲,"60","+0.13%","7,583","345","-1","0","+4"
2018/03/19,"45,430","45,450","45,310","45,360",▼,"-70","-0.15%","13,167","597","+3","0","-1"
2018/03/16,"45,590","45,590","45,400","45,430",▼,"-160","-0.35%","13,943","634","+6","0","+1"
2018/03/15,"45,540","45,650","45,540","45,590",▼,"-80","-0.18%","7,306","333","+2","0","0"
2018/03/14,"45,590","45,710","45,580","45,670",▲,"170","+0.37%","6,558","299","+1","0","0"
2018/03/13,"45,470","45,630","45,400","45,500",▲,"30","+0.07%","10,470","477","+5","0","+1"
2018/03/12,"45,600","45,600","45,430","45,470",▼,"-50","-0.11%","12,914","587","+4","0","-2"
2018/03/09,"45,900","45,900","45,430","45,520",▼,"-280","-0.61%","14,248","649","+9","0","0"
2018/03/08,"45,970","45,970","45,650","45,800",▼,"-170","-0.37%","17,593","806","+6","0","+2"
2018/03/07,"46,020","46,230","45,970","45,970",▼,"-30","-0.07%","9,835","453","+4","0","+2"
2018/03/06,"46,210","46,210","45,890","46,000",▼,"-280","-0.61%","10,531","484","+7","0","-1"
2018/03/05,"46,050","46,390","46,050","46,280",▲,"280","+0.61%","12,141","562","+1","0","0"
2018/03/02,"46,380","46,380","45,900","46,000", ,"0","0%","10,098","464","+5","0","0"
2018/02/28,"46,110","46,300","45,870","46,000",▼,"-110","-0.24%","38,666","1,780","+2","0","0"
2018/02/27,"46,250","46,250","46,030","46,110",▼,"-200","-0.43%","10,885","502","0","0","+2"
2018/02/26,"46,230","46,340","46,050","46,310",▲,"60","+0.13%","15,841","731","+9","0","-4"
2018/02/23,"46,370","46,380","46,220","46,250",▼,"-100","-0.22%","17,689","818","+4","0","+1"
2018/02/22,"46,250","47,000","46,170","46,350",▲,"180","+0.39%","11,644","539","+4","0","+2"
2018/02/21,"46,290","46,300","46,020","46,170",▼,"-220","-0.47%","22,156","1,021","+12","0","-1"
2018/02/20,"46,850","46,850","46,270","46,390",▲,"40","+0.09%","12,960","601","+8","0","-7"
2018/02/19,"46,420","46,590","46,340","46,350",▼,"-70","-0.15%","15,631","727","+5","0","+1"
2018/02/14,"46,390","46,460","46,350","46,420",▲,"150","+0.32%","12,487","580","+3","0","0"
2018/02/13,"46,210","46,270","46,070","46,270",▲,"70","+0.15%","9,076","419","+2","0","0"
2018/02/12,"46,320","46,320","45,960","46,200",▼,"-200","-0.43%","19,236","887","+14","0","-3"
2018/02/09,"46,500","46,600","46,310","46,400",▲,"340","+0.74%","14,712","683","+3","0","+1"
2018/02/08,"46,470","46,470","46,000","46,060",▼,"-480","-1.03%","33,493","1,544","+13","0","-11"
2018/02/07,"46,450","46,540","46,140","46,540",▼,"-460","-0.98%","23,343","1,080","+13","0","-7"
2018/02/06,"46,930","47,300","46,930","47,000",▲,"420","+0.90%","66,852","3,150","-43","0","+24"
2018/02/05,"46,800","46,800","46,200","46,580",▼,"-220","-0.47%","17,647","823","-2","0","+1"
2018/02/02,"46,500","46,800","46,500","46,800",▲,"390","+0.84%","37,736","1,762","-22","0","+18"
2018/02/01,"46,400","46,460","46,300","46,410",▲,"70","+0.15%","15,703","728","-6","0","0"
2018/01/31,"46,300","46,340","46,240","46,340",▲,"140","+0.30%","12,153","563","0","0","-1"
2018/01/30,"46,210","46,340","46,170","46,200",▼,"-140","-0.30%","13,822","639","-2","0","-1"
2018/01/29,"46,260","46,400","46,260","46,340",▼,"-80","-0.17%","12,746","591","+2","0","0"
2018/01/26,"46,490","46,490","45,910","46,420",▼,"-120","-0.26%","15,169","703","-3","0","-1"
2018/01/25,"46,330","46,560","46,330","46,540",▲,"340","+0.74%","42,842","1,991","-18","0","+4"
2018/01/24,"46,220","46,340","46,160","46,200",▲,"150","+0.33%","25,621","1,185","-10","0","+2"
2018/01/23,"45,990","46,100","45,880","46,050",▲,"120","+0.26%","23,362","1,075","-15","0","0"
2018/01/22,"45,750","45,970","45,750","45,930",▲,"190","+0.42%","16,984","779","-5","0","0"
2018/01/19,"45,840","45,850","45,700","45,740",▼,"-100","-0.22%","66,069","3,031","0","0","+1"
2018/01/18,"45,980","45,980","45,720","45,840",▼,"-150","-0.33%","62,987","2,891","-1","0","0"
2018/01/17,"45,980","46,060","45,950","45,990",▲,"10","+0.02%","13,808","635","+3","0","0"
2018/01/16,"46,100","46,100","45,980","45,980",▼,"-20","-0.04%","66,848","3,075","-3","0","0"
2018/01/15,"45,600","46,020","45,600","46,000",▲,"400","+0.88%","23,367","1,072","-7","0","0"
2018/01/12,"45,540","45,600","45,460","45,600",▲,"90","+0.20%","21,577","982","-8","0","+2"
2018/01/11,"45,310","45,510","45,310","45,510",▲,"300","+0.66%","12,704","578","-6","0","0"
2018/01/10,"45,370","45,370","45,200","45,210",▼,"-170","-0.37%","7,866","356","-2","0","0"
2018/01/09,"45,370","45,490","45,330","45,380",▲,"10","+0.02%","10,149","461","0","0","0"
2018/01/08,"45,240","45,410","45,240","45,370",▲,"130","+0.29%","12,697","576","+1","0","0"
2018/01/05,"45,250","45,300","45,230","45,240",▲,"210","+0.47%","9,213","417","-4","0","+1"
2018/01/04,"45,260","45,260","44,980","45,030",▼,"-170","-0.38%","10,526","474","+3","0","+1"
2018/01/03,"45,200","45,430","45,150","45,200",▲,"180","+0.40%","19,399","878","-2","0","0"
2018/01/02,"44,920","45,030","44,920","45,020",▲,"180","+0.40%","20,601","927","+8","0","0"
2017/12/28,"44,650","44,850","44,650","44,840",▲,"340","+0.76%","8,783","393","+7","0","0"
2017/12/27,"44,510","44,670","44,470","44,500",▲,"30","+0.07%","15,879","707","+12","0","0"
2017/12/26,"44,320","44,540","44,300","44,470",▲,"220","+0.50%","17,052","757","+4","0","0"
2017/12/22,"44,300","44,330","44,240","44,250",▼,"-80","-0.18%","64,788","2,866","+11","0","-4"
2017/12/21,"44,200","44,410","44,200","44,330",▲,"80","+0.18%","65,395","2,886","+3","0","-1"
2017/12/20,"44,300","44,340","44,210","44,250",▼,"-50","-0.11%","141,232","6,250","+6","0","-5"
2017/12/19,"44,400","44,400","44,240","44,300",▲,"90","+0.20%","45,376","2,009","+6","0","0"
2017/12/18,"44,220","44,300","44,190","44,210",▼,"-10","-0.02%","27,828","1,230","+15","0","-2"
2017/12/15,"44,210","44,340","44,180","44,220",▼,"-150","-0.34%","37,713","1,668","+17","0","-4"
2017/12/14,"44,000","44,600","44,000","44,370",▲,"380","+0.86%","19,144","847","+11","0","-1"
2017/12/13,"44,430","44,430","43,950","43,990",▼,"-210","-0.48%","25,198","1,110","+15","0","0"
2017/12/12,"44,000","44,400","43,800","44,200",▲,"90","+0.20%","23,391","1,029","+15","0","0"
2017/12/11,"44,090","44,120","44,040","44,110",▼,"-30","-0.07%","16,671","735","+14","0","-1"
2017/12/08,"44,340","44,340","44,060","44,140",▼,"-310","-0.70%","39,050","1,722","+35","0","-5"
2017/12/07,"44,720","44,720","44,420","44,450",▼,"-280","-0.63%","34,797","1,549","+32","0","-3"
2017/12/06,"44,610","44,730","44,440","44,730",▲,"100","+0.22%","19,915","887","+12","0","0"
2017/12/05,"44,800","44,800","44,610","44,630",▼,"-170","-0.38%","52,595","2,349","+36","0","-6"
2017/12/04,"44,780","44,860","44,700","44,800",▲,"20","+0.04%","28,311","1,268","+22","0","-1"
2017/12/01,"45,100","45,100","44,750","44,780",▼,"-280","-0.62%","43,313","1,940","+39","0","+1"
2017/11/30,"45,100","46,120","44,800","45,060",▼,"-160","-0.35%","22,050","990","+19","0","-3"
2017/11/29,"45,420","45,500","45,190","45,220",▼,"-170","-0.37%","12,176","551","+11","0","-5"
2017/11/28,"45,400","45,570","45,340","45,390",▲,"140","+0.31%","30,107","1,367","+18","0","-7"
2017/11/27,"45,200","45,300","45,150","45,250",▲,"10","+0.02%","11,725","530","+10","0","0"
2017/11/24,"45,210","45,250","45,150","45,240",▲,"10","+0.02%","15,151","685","+8","0","0"
2017/11/23,"45,380","45,380","45,230","45,230",▲,"60","+0.13%","8,396","380","+3","0","-1"
2017/11/22,"45,310","45,390","45,100","45,170",▼,"-140","-0.31%","39,702","1,792","+25","0","-5"
2017/11/21,"45,430","45,430","45,270","45,310",▼,"-490","-1.07%","25,395","1,151","+23","0","-6"
2017/11/20,"45,710","45,850","45,300","45,800",▲,"340","+0.75%","7,218","330","-2","0","0"
2017/11/17,"45,470","45,570","45,290","45,460", ,"0","0%","26,343","1,195","+17","0","+1"
2017/11/16,"45,870","45,870","45,450","45,460",▼,"-550","-1.20%","34,702","1,582","+25","0","+2"
2017/11/15,"46,140","46,150","46,000","46,010",▼,"-130","-0.28%","23,685","1,091","-2","0","0"
2017/11/14,"46,140","46,180","46,050","46,140",▼,"-10","-0.02%","10,782","497","+4","0","+1"
2017/11/13,"45,900","46,160","45,900","46,150",▼,"-120","-0.26%","13,509","623","+1","0","+6"
2017/11/10,"46,500","46,500","46,240","46,270",▲,"170","+0.37%","6,304","292","+3","0","-1"
2017/11/09,"45,900","46,130","45,900","46,100",▲,"220","+0.48%","11,145","513","+1","0","+3"
2017/11/08,"45,980","45,980","45,830","45,880",▲,"70","+0.15%","22,146","1,016","-1","0","+1"
2017/11/07,"46,000","46,000","45,810","45,810",▲,"90","+0.20%","11,485","527","+3","0","0"
2017/11/06,"45,850","45,850","45,660","45,720",▼,"-150","-0.33%","15,278","698","+3","0","+1"
2017/11/03,"45,950","45,950","45,720","45,870",▼,"-80","-0.17%","10,720","491","+5","0","-2"
2017/11/02,"45,850","45,980","45,810","45,950",▲,"100","+0.22%","11,721","538","+7","0","0"
2017/11/01,"46,190","46,190","45,700","45,850",▼,"-340","-0.74%","58,129","2,661","+37","0","-4"
2017/10/31,"46,110","46,240","46,080","46,190",▲,"80","+0.17%","16,944","782","+9","0","-4"
2017/10/30,"46,200","46,280","46,090","46,110",▼,"-90","-0.19%","15,222","702","+8","0","-3"
2017/10/27,"46,150","46,300","46,050","46,200",▼,"-230","-0.50%","15,951","737","+12","0","-10"
2017/10/26,"46,500","46,500","46,390","46,430",▲,"140","+0.30%","4,784","222","+1","0","0"
2017/10/25,"46,300","46,500","46,250","46,290",▼,"-210","-0.45%","13,942","646","+8","0","-4"
2017/10/24,"46,650","46,660","46,500","46,500",▲,"10","+0.02%","9,731","453","0","0","+1"
2017/10/23,"46,580","46,610","46,450","46,490",▼,"-290","-0.62%","11,166","520","+9","0","-5"
2017/10/20,"46,690","46,890","46,690","46,780",▲,"160","+0.34%","7,591","355","0","0","0"
2017/10/19,"46,710","46,760","46,580","46,620",▼,"-150","-0.32%","11,459","535","+3","0","-1"
2017/10/18,"47,000","47,000","46,750","46,770",▼,"-300","-0.64%","19,284","903","+10","0","0"
2017/10/17,"47,210","47,210","47,030","47,070",▼,"-140","-0.30%","21,597","1,016","-4","0","0"
2017/10/16,"47,200","47,320","47,160","47,210",▲,"60","+0.13%","11,772","556","+1","0","-2"
2017/10/13,"47,250","47,250","47,060","47,150",▼,"-60","-0.13%","11,784","555","+8","0","0"
2017/10/12,"47,070","47,230","47,050","47,210",▲,"140","+0.30%","9,287","438","-1","0","0"
2017/10/11,"47,300","47,300","47,050","47,070",▼,"-30","-0.06%","16,910","797","-1","0","-3"
2017/10/10,"47,410","47,410","47,060","47,100",▼,"-300","-0.63%","23,513","1,110","+12","0","-11"
2017/09/29,"47,450","47,540","47,400","47,400",▲,"40","+0.08%","31,491","1,494","+25","0","-12"
2017/09/28,"47,460","47,510","47,200","47,360",▼,"-100","-0.21%","12,873","609","+6","0","0"
2017/09/27,"47,600","47,600","47,360","47,460",▼,"-430","-0.90%","18,877","896","+1","0","-5"
2017/09/26,"47,800","47,910","47,670","47,890",▲,"880","+1.87%","12,415","594","-10","0","+1"
2017/09/25,"47,410","47,500","47,010","47,010",▼,"-400","-0.84%","31,264","1,472","+16","0","-23"
2017/09/22,"47,400","47,750","47,160","47,410",▲,"10","+0.02%","11,257","534","0","0","-3"
2017/09/21,"47,580","47,580","47,300","47,400",▼,"-300","-0.63%","27,457","1,301","+17","0","-19"
2017/09/20,"47,700","47,770","47,590","47,700", ,"0","0%","30,929","1,474","+4","0","-26"
2017/09/19,"47,690","47,700","47,510","47,700",▼,"-150","-0.31%","17,823","848","+2","0","-12"
2017/09/18,"48,060","48,060","47,730","47,850",▼,"-520","-1.08%","30,238","1,446","+8","0","-18"
2017/09/15,"48,510","48,680","48,360","48,370",▲,"260","+0.54%","23,878","1,158","-14","0","-5"
2017/09/14,"48,260","48,260","48,010","48,110",▼,"-160","-0.33%","24,122","1,160","+2","0","-22"
2017/09/13,"48,210","48,310","48,120","48,270",▲,"190","+0.40%","36,498","1,760","-9","0","-17"
2017/09/12,"48,420","48,420","48,050","48,080",▼,"-500","-1.03%","36,274","1,745","-4","0","-22"
2017/09/11,"48,480","48,610","48,370","48,580",▼,"-300","-0.61%","20,199","980","-6","0","-5"
2017/09/08,"48,690","48,950","48,690","48,880",▲,"530","+1.10%","40,673","1,987","-39","0","+2"
2017/09/07,"48,540","48,540","48,290","48,350",▼,"-300","-0.62%","28,133","1,361","-23","0","+1"
2017/09/06,"48,680","48,770","48,630","48,650",▲,"190","+0.39%","29,048","1,414","-14","0","-5"
2017/09/05,"48,010","48,550","48,010","48,460",▲,"60","+0.12%","29,129","1,411","-26","0","+6"
2017/09/04,"47,900","48,430","47,900","48,400",▲,"830","+1.74%","78,578","3,796","-72","0","+34"
2017/09/01,"47,400","47,670","47,400","47,570",▲,"360","+0.76%","23,424","1,114","-19","0","+5"
2017/08/31,"47,230","47,250","47,070","47,210",▼,"-40","-0.08%","29,018","1,369","-9","0","-12"
2017/08/30,"47,320","47,350","47,140","47,250",▼,"-170","-0.36%","12,486","590","-10","0","0"
2017/08/29,"47,300","47,620","47,300","47,420",▲,"680","+1.45%","69,655","3,311","-66","0","+25"
2017/08/28,"46,640","46,770","46,640","46,740",▼,"-20","-0.04%","3,825","179","+1","0","0"
2017/08/25,"46,780","46,780","46,590","46,760",▲,"10","+0.02%","10,145","474","-5","0","0"
2017/08/24,"46,990","46,990","46,740","46,750",▼,"-50","-0.11%","19,113","896","+4","0","-12"
2017/08/23,"47,000","47,000","46,640","46,800",▼,"-200","-0.43%","20,734","969","-2","0","-7"
2017/08/22,"47,060","47,140","46,990","47,000",▼,"-50","-0.11%","13,538","637","-3","0","-5"
2017/08/21,"47,120","47,120","46,820","47,050",▼,"-70","-0.15%","17,047","800","-13","0","+2"
2017/08/18,"47,100","47,200","47,050","47,120",▲,"220","+0.47%","39,133","1,845","-31","0","+12"
2017/08/17,"46,620","47,000","46,620","46,900",▲,"290","+0.62%","45,699","2,142","-42","0","0"
2017/08/16,"46,720","46,720","46,340","46,610",▼,"-430","-0.91%","43,316","2,016","-24","0","0"
2017/08/14,"47,340","47,340","46,820","47,040",▼,"-170","-0.36%","67,185","3,158","-53","0","+13"
2017/08/11,"46,960","47,300","46,960","47,210",▲,"430","+0.92%","85,118","4,018","-71","0","+7"
2017/08/10,"46,190","46,800","46,190","46,780",▲,"630","+1.37%","114,216","5,325","-98","0","+22"
2017/08/09,"45,660","46,150","45,660","46,150",▲,"490","+1.07%","47,161","2,170","-39","0","+28"
2017/08/08,"45,730","45,730","45,600","45,660",▼,"-10","-0.02%","3,521","161","-1","0","0"
2017/08/07,"45,600","45,700","45,500","45,670",▼,"-170","-0.37%","30,833","1,407","-8","0","+5"
2017/08/04,"45,820","45,900","45,790","45,840",▲,"70","+0.15%","26,574","1,218","-17","0","+8"
2017/08/03,"45,680","45,810","45,680","45,770",▲,"90","+0.20%","10,880","498","-6","0","0"
2017/08/02,"45,650","45,720","45,460","45,680",▲,"30","+0.07%","6,588","301","-2","0","0"
