일자,시가,고가,저가,현재가,전일대비,,등락률,거래량,거래대금,상한,상승,보합,하락,하한
2020/11/20,"863.07","870.78","861.29","870.60",▲,"10.66","+1.24","2,062,544","12,880,469","3","882","109","381",""
2020/11/19,"851.68","860.99","849.72","859.94",▲,"8.20","+0.96","2,249,200","14,795,415","6","630","106","634",""
2020/11/18,"842.55","852.27","840.43","851.74",▲,"12.27","+1.46","2,330,367","14,023,705","5","849","93","424",""
2020/11/17,"846.55","846.55","836.00","839.47",▼,"-7.86","-0.93","1,789,493","13,642,004","1","381","85","906",""
2020/11/16,"843.49","849.80","841.60","847.33",▲,"8.19","+0.98","1,619,880","10,255,818","3","723","90","555",""
2020/11/13,"837.28","839.54","826.17","839.14",▼,"-0.94","-0.11","1,878,625","11,733,210","1","512","107","750","1"
2020/11/12,"844.64","846.87","835.95","840.08",▲,"0.18","+0.02","2,068,886","11,004,803","1","689","104","575",""
2020/11/11,"840.89","842.76","829.53","839.90",▼,"-0.89","-0.11","2,281,172","14,066,237","9","581","89","700",""
2020/11/10,"844.22","844.22","835.27","840.79",▼,"-10.42","-1.22","1,815,647","11,637,052","5","580","92","697",""
2020/11/09,"845.81","851.21","845.17","851.21",▲,"14.43","+1.72","1,735,445","9,930,999","4","1,081","73","216",""
2020/11/06,"849.18","849.39","832.27","836.78",▼,"-8.02","-0.95","1,923,198","13,035,090","2","420","97","852",""
2020/11/05,"833.37","845.81","831.78","844.80",▲,"17.83","+2.16","1,660,809","9,827,780","8","1,085","71","204",""
2020/11/04,"826.04","828.89","814.76","826.97",▲,"8.51","+1.04","1,804,688","10,836,965","3","725","122","520",""
2020/11/03,"810.01","821.28","810.01","818.46",▲,"15.51","+1.93","1,672,273","8,746,154","5","1,012","87","271",""
2020/11/02,"796.46","805.92","789.85","802.95",▲,"10.30","+1.30","1,537,119","6,627,149","4","943","103","321",""
2020/10/30,"814.16","814.59","791.30","792.65",▼,"-21.28","-2.61","1,880,463","8,550,017","3","217","59","1,091",""
2020/10/29,"791.02","814.16","791.02","813.93",▲,"7.73","+0.96","1,942,544","8,292,420","4","541","96","726","1"
2020/10/28,"784.88","806.20","784.88","806.20",▲,"22.47","+2.87","2,049,765","7,888,726","3","1,151","74","141",""
2020/10/27,"771.84","794.04","766.96","783.73",▲,"5.71","+0.73","2,056,533","9,246,700","5","590","103","672","1"
2020/10/26,"808.06","808.06","776.70","778.02",▼,"-29.96","-3.71","1,634,353","8,397,441","5","147","49","1,167","2"
2020/10/23,"817.70","817.70","804.75","807.98",▼,"-4.72","-0.58","1,613,364","8,366,884","3","512","103","747",""
2020/10/22,"826.71","826.71","812.70","812.70",▼,"-17.97","-2.16","1,734,931","9,569,520","2","292","65","1,005","1"
2020/10/21,"827.35","830.95","819.66","830.67",▲,"6.02","+0.73","1,492,449","8,700,877","2","864","96","400",""
2020/10/20,"816.16","825.96","803.24","824.65",▲,"2.40","+0.29","1,664,943","10,171,863","2","609","99","656","1"
2020/10/19,"836.83","838.63","821.50","822.25",▼,"-11.59","-1.39","1,701,656","8,516,309","3","402","84","878","1"
2020/10/16,"845.63","849.20","822.58","833.84",▼,"-10.60","-1.26","2,275,827","10,675,848","1","287","61","1,012",""
2020/10/15,"861.37","861.37","833.55","844.44",▼,"-17.04","-1.98","2,238,669","12,500,116","4","256","62","1,042",""
2020/10/14,"873.04","875.02","859.88","861.48",▼,"-10.44","-1.20","2,373,269","12,910,781","4","368","63","929",""
2020/10/13,"878.15","878.15","865.95","871.92",▼,"-1.58","-0.18","2,277,904","14,295,524","7","589","81","690",""
2020/10/12,"875.25","875.25","868.01","873.50",▲,"1.88","+0.22","2,009,372","11,751,824","3","687","98","576",""
2020/10/08,"875.12","875.59","867.63","871.62",▲,"1.96","+0.23","1,994,293","12,138,290","4","637","132","594",""
2020/10/07,"856.70","869.69","856.66","869.66",▲,"7.08","+0.82","2,013,038","10,601,101","4","858","100","402",""
2020/10/06,"863.74","866.67","855.65","862.58",▲,"4.19","+0.49","1,981,912","10,972,339","3","707","120","533",""
2020/10/05,"848.67","858.82","843.06","858.39",▲,"10.24","+1.21","1,675,260","9,951,689","6","937","83","341",""
2020/09/29,"844.69","848.59","839.68","848.15",▲,"12.24","+1.46","2,084,774","11,430,772","6","1,007","73","281",""
2020/09/28,"820.72","836.15","819.86","835.91",▲,"27.63","+3.42","1,938,337","11,134,007","7","1,168","57","135",""
2020/09/25,"817.95","820.74","799.53","808.28",▲,"1.33","+0.16","2,212,037","13,310,027","6","743","100","519","2"
2020/09/24,"825.74","833.04","804.28","806.95",▼,"-36.50","-4.33","2,196,877","15,462,868","6","131","34","1,197",""
2020/09/23,"855.57","856.14","821.89","843.45",▲,"0.73","+0.09","2,246,112","13,123,004","6","694","81","584",""
2020/09/22,"867.72","867.89","838.13","842.72",▼,"-24.27","-2.80","1,973,655","12,318,664","7","180","44","1,134",""
2020/09/21,"889.94","892.34","859.40","866.99",▼,"-21.89","-2.46","1,965,201","13,745,295","1","226","53","1,079",""
2020/09/18,"889.47","892.39","878.78","888.88",▲,"3.70","+0.42","1,768,419","12,674,547","2","606","90","660",""
2020/09/17,"897.88","898.43","883.50","885.18",▼,"-11.10","-1.24","2,286,208","14,316,885","4","292","59","1,005",""
2020/09/16,"901.75","905.56","891.99","896.28",▼,"-3.18","-0.35","2,410,950","16,003,999","6","434","87","834",""
2020/09/15,"898.63","899.64","893.24","899.46",▲,"5.29","+0.59","2,098,772","15,836,926","7","587","107","660",""
2020/09/14,"894.38","894.80","886.48","894.17",▲,"5.73","+0.64","1,699,498","13,528,195","5","859","68","428",""
2020/09/11,"881.23","888.44","877.58","888.44",▲,"4.14","+0.47","1,994,166","14,400,432","5","616","93","645",""
2020/09/10,"881.12","884.30","874.77","884.30",▲,"14.83","+1.71","1,990,691","14,651,175","6","974","79","298",""
2020/09/09,"864.91","877.67","864.17","869.47",▼,"-8.82","-1.00","2,367,815","16,431,483","7","445","68","837",""
2020/09/08,"884.72","887.01","874.31","878.29",▼,"-0.59","-0.07","2,517,936","19,644,737","6","547","81","720",""
2020/09/07,"872.03","879.36","864.39","878.88",▲,"12.84","+1.48","1,884,731","16,014,602","9","898","78","373",""
2020/09/04,"841.37","866.90","841.37","866.04",▼,"-8.09","-0.93","1,730,687","14,668,094","5","352","41","958",""
2020/09/03,"871.02","874.16","869.84","874.13",▲,"7.39","+0.85","1,763,488","14,025,988","6","744","105","500",""
2020/09/02,"859.58","866.87","858.23","866.74",▲,"13.37","+1.57","1,843,232","14,343,098","4","852","86","409",""
2020/09/01,"850.58","854.22","847.53","853.37",▲,"5.13","+0.60","1,843,909","12,734,768","6","763","99","487",""
2020/08/31,"847.97","852.54","839.63","848.24",▲,"6.94","+0.82","1,890,066","14,737,499","6","786","75","489",""
2020/08/28,"841.76","850.38","837.86","841.30",▲,"4.90","+0.59","2,111,380","16,800,923","6","810","96","443",""
2020/08/27,"842.38","842.83","832.74","836.40",▼,"-4.95","-0.59","2,951,684","20,848,705","9","331","46","972",""
2020/08/26,"838.86","842.48","827.27","841.35",▲,"5.04","+0.60","2,152,206","17,370,409","15","622","114","611",""
2020/08/25,"821.53","836.41","820.02","836.31",▲,"20.57","+2.52","1,605,321","14,241,915","10","1,170","51","126",""
2020/08/24,"798.20","815.74","787.93","815.74",▲,"19.73","+2.48","1,521,281","12,997,622","6","874","79","395",""
2020/08/21,"801.14","802.70","781.41","796.01",▲,"4.87","+0.62","1,658,737","14,078,885","4","831","94","422","1"
2020/08/20,"816.63","821.11","785.00","791.14",▼,"-27.60","-3.37","1,813,140","15,393,962","11","166","37","1,142",""
2020/08/19,"810.86","818.74","805.52","818.74",▲,"18.52","+2.31","1,601,780","14,760,513","11","998","72","277",""
2020/08/18,"834.55","834.55","794.91","800.22",▼,"-34.81","-4.17","1,897,401","15,861,822","9","128","19","1,198","7"
2020/08/14,"854.71","854.71","831.15","835.03",▼,"-19.74","-2.31","1,732,238","13,842,550","2","339","59","947",""
2020/08/13,"854.82","862.98","852.15","854.77",▲,"9.17","+1.08","1,811,111","14,868,747","10","798","100","445",""
2020/08/12,"858.88","858.88","836.58","845.60",▼,"-14.63","-1.70","1,674,531","14,357,658","8","334","51","957",""
2020/08/11,"863.07","863.72","858.00","860.23",▼,"-2.53","-0.29","1,532,477","13,343,016","6","611","100","630",""
2020/08/10,"859.53","863.80","854.48","862.76",▲,"5.13","+0.60","1,464,015","12,625,988","3","646","68","630",""
2020/08/07,"858.30","859.43","849.01","857.63",▲,"3.51","+0.41","1,397,199","14,574,967","5","507","80","756",""
2020/08/06,"854.02","855.73","847.90","854.12",▲,"6.84","+0.81","1,498,959","14,220,423","3","564","105","677",""
2020/08/05,"837.19","847.38","837.11","847.28",▲,"11.93","+1.43","1,521,802","12,744,683","1","645","71","625",""
2020/08/04,"833.28","835.35","830.55","835.35",▲,"7.78","+0.94","1,509,116","13,940,170","5","828","99","414",""
2020/08/03,"820.41","827.79","815.15","827.57",▲,"12.27","+1.50","1,522,754","14,512,981","6","613","73","656",""
2020/07/31,"817.52","818.70","814.23","815.30",▲,"1.11","+0.14","1,357,354","13,058,945","3","464","80","793",""
2020/07/30,"812.83","814.41","808.02","814.19",▲,"5.60","+0.69","1,301,897","13,271,127","4","682","102","556",""
2020/07/29,"807.71","809.77","804.29","808.59",▲,"0.74","+0.09","1,181,621","10,594,912","4","630","111","598",""
2020/07/28,"807.29","810.97","802.04","807.85",▲,"6.62","+0.83","1,547,330","11,968,083","1","623","97","616",""
2020/07/27,"795.19","804.58","795.19","801.23",▲,"6.43","+0.81","1,293,548","10,426,711","4","720","114","502","1"
2020/07/24,"796.08","804.61","788.72","794.80",▼,"-6.89","-0.86","1,455,338","12,472,640","2","344","82","907",""
2020/07/23,"796.46","803.07","792.27","801.69",▲,"6.70","+0.84","1,384,206","13,661,425","4","409","75","853",""
2020/07/22,"790.58","795.32","785.97","794.99",▲,"4.41","+0.56","1,476,960","11,376,188","4","554","100","681",""
2020/07/21,"787.30","792.20","785.75","790.58",▲,"8.62","+1.10","1,500,350","10,341,745","4","731","110","492",""
2020/07/20,"786.25","786.29","776.97","781.96",▼,"-1.26","-0.16","1,399,220","9,279,615","7","503","96","733",""
2020/07/17,"776.97","783.32","775.78","783.22",▲,"8.15","+1.05","1,365,421","8,582,996","4","709","129","495",""
2020/07/16,"783.24","783.24","769.39","775.07",▼,"-6.22","-0.80","1,631,137","11,153,409","2","471","90","772",""
2020/07/15,"783.14","783.29","775.96","781.29",▲,"2.90","+0.37","1,527,810","11,307,493","5","765","96","470",""
2020/07/14,"776.19","782.70","775.29","778.39",▼,"-2.80","-0.36","1,635,618","12,279,852","5","500","110","724",""
2020/07/13,"777.92","781.19","773.08","781.19",▲,"8.38","+1.08","1,395,977","10,852,689","2","866","88","379",""
2020/07/10,"773.75","775.99","766.51","772.81",▼,"-0.09","-0.01","1,332,284","12,857,389","1","368","69","896",""
2020/07/09,"770.46","774.50","769.31","772.90",▲,"6.94","+0.91","1,465,602","10,387,777","3","681","101","552",""
2020/07/08,"761.19","765.96","758.38","765.96",▲,"6.80","+0.90","1,306,346","10,447,531","6","720","108","504",""
2020/07/07,"763.40","764.46","755.44","759.16",▼,"-0.74","-0.10","1,290,021","10,083,403","4","431","81","820","1"
2020/07/06,"754.74","759.93","750.43","759.90",▲,"7.72","+1.03","1,142,167","8,304,840","3","771","85","475","1"
2020/07/03,"746.13","752.22","741.11","752.18",▲,"9.63","+1.30","1,285,378","10,147,594","1","817","108","404",""
2020/07/02,"732.94","742.55","732.09","742.55",▲,"14.97","+2.06","1,155,544","7,539,546","3","1,033","84","211",""
2020/07/01,"743.53","744.03","726.36","727.58",▼,"-10.39","-1.41","1,184,777","8,563,272","1","423","72","830",""
2020/06/30,"744.54","744.54","731.76","737.97",▲,"3.28","+0.45","1,638,598","10,528,654","3","813","76","438",""
2020/06/29,"743.88","747.30","732.86","734.69",▼,"-15.89","-2.12","1,347,220","9,278,719","4","226","40","1,064",""
2020/06/26,"758.62","758.62","742.57","750.58",▲,"0.22","+0.03","1,522,033","11,787,915","2","587","94","649",""
2020/06/25,"749.81","757.23","745.98","750.36",▼,"-9.14","-1.20","1,362,068","11,212,779","2","286","58","988","1"
2020/06/24,"758.15","765.21","755.12","759.50",▲,"6.27","+0.83","1,333,491","11,763,015","9","781","80","471","2"
2020/06/23,"758.61","761.37","744.26","753.23",▲,"1.59","+0.21","1,584,472","11,682,636","6","467","77","785",""
2020/06/22,"742.98","752.98","741.78","751.64",▲,"9.61","+1.30","1,336,686","10,511,545","7","519","81","732",""
2020/06/19,"743.35","743.94","732.55","742.03",▲,"4.70","+0.64","1,529,200","12,365,576","4","757","81","489",""
2020/06/18,"738.11","743.12","732.92","737.33",▲,"1.93","+0.26","1,243,956","10,605,932","8","650","85","589",""
2020/06/17,"731.91","743.11","717.68","735.40",▲,"0.02","0","1,408,467","10,425,319","6","478","99","750",""
2020/06/16,"716.60","735.74","714.14","735.38",▲,"42.23","+6.09","1,320,202","10,669,159","4","1,266","21","39",""
2020/06/15,"745.60","747.21","693.15","693.15",▼,"-52.91","-7.09","1,470,732","12,260,630","5","50","22","1,253",""
2020/06/12,"722.91","747.37","722.81","746.06",▼,"-11.00","-1.45","1,324,399","11,700,600","1","194","40","1,093",""
2020/06/11,"760.07","766.96","752.04","757.06",▼,"-1.56","-0.21","1,452,105","13,508,483","5","331","59","938",""
2020/06/10,"754.30","759.48","752.29","758.62",▲,"4.80","+0.64","1,577,271","12,213,263","7","513","65","750",""
2020/06/09,"756.02","756.45","746.56","753.82",▲,"0.78","+0.10","1,532,566","10,343,145","5","460","83","784",""
2020/06/08,"754.12","754.32","747.37","753.04",▲,"3.73","+0.50","1,325,593","9,120,474","5","643","90","592",""
2020/06/05,"743.65","749.75","739.52","749.31",▲,"6.94","+0.93","1,125,022","8,656,169","2","761","110","456",""
2020/06/04,"742.87","744.36","733.91","742.37",▲,"4.71","+0.64","1,305,965","9,774,409","4","650","101","576",""
2020/06/03,"749.49","750.14","734.63","737.66",▼,"-5.92","-0.80","1,482,743","11,559,145","2","481","84","759",""
2020/06/02,"737.67","743.70","735.06","743.58",▲,"7.86","+1.07","1,464,961","10,733,016","5","800","91","434",""
2020/06/01,"716.96","735.72","716.83","735.72",▲,"22.04","+3.09","1,275,399","10,325,550","3","1,040","80","207",""
2020/05/29,"706.16","714.51","700.84","713.68",▲,"4.93","+0.70","1,472,678","8,503,015","1","478","86","762",""
2020/05/28,"728.76","728.80","695.30","708.75",▼,"-15.84","-2.19","2,097,276","11,912,397","1","203","56","1,069",""
2020/05/27,"728.26","730.41","722.04","724.59",▼,"-4.52","-0.62","1,571,385","10,577,662","5","515","87","726",""
2020/05/26,"723.28","729.16","718.81","729.11",▲,"9.22","+1.28","1,554,767","10,344,399","3","811","100","417",""
2020/05/25,"712.88","719.89","708.60","719.89",▲,"11.31","+1.60","1,603,666","9,460,186","4","859","97","371",""
2020/05/22,"717.78","719.15","702.50","708.58",▼,"-7.44","-1.04","1,696,053","10,791,248","2","287","59","981",""
2020/05/21,"714.33","716.72","711.71","716.02",▲,"7.26","+1.02","1,993,800","11,336,859","4","741","100","484",""
2020/05/20,"697.15","709.16","697.09","708.76",▲,"12.40","+1.78","2,068,645","10,475,840","4","989","62","278",""
2020/05/19,"696.01","696.39","687.67","696.36",▲,"5.51","+0.80","1,819,084","11,873,294","6","866","76","387","1"
2020/05/18,"695.17","695.90","688.88","690.85",▼,"-1.08","-0.16","1,470,278","10,497,458","4","589","81","659","1"
2020/05/15,"695.80","696.91","686.23","691.93",▲,"1.36","+0.20","1,360,015","12,394,013","1","557","100","672","1"
2020/05/14,"687.92","693.68","684.33","690.57",▼,"-0.96","-0.14","1,572,689","13,051,237","1","375","59","891",""
2020/05/13,"676.53","691.57","676.24","691.53",▲,"7.32","+1.07","1,510,721","9,717,013","3","621","106","603",""
2020/05/12,"687.48","688.37","673.66","684.21",▼,"-0.83","-0.12","1,486,569","10,034,743","2","410","62","854",""
2020/05/11,"686.81","690.34","676.60","685.04",▲,"2.74","+0.40","1,538,941","10,447,899","3","498","76","749",""
2020/05/08,"674.01","682.94","673.52","682.30",▲,"14.13","+2.11","1,683,945","9,622,021","3","940","91","293",""
2020/05/07,"659.45","669.03","658.93","668.17",▲,"9.77","+1.48","1,744,936","8,831,807","6","941","96","288",""
2020/05/06,"650.15","658.40","647.52","658.40",▲,"16.49","+2.57","1,506,803","8,491,492","3","1,103","59","163","1"
2020/05/04,"637.00","648.57","635.16","641.91",▼,"-3.27","-0.51","1,279,273","6,695,809","2","452","87","783",""
2020/04/29,"646.33","648.42","644.06","645.18",▲,"0.25","+0.04","1,686,253","7,967,208","3","691","83","546","1"
2020/04/28,"649.46","651.39","638.69","644.93",▼,"-1.93","-0.30","1,770,727","8,179,500","2","531","106","686",""
2020/04/27,"638.90","647.11","638.58","646.86",▲,"13.90","+2.20","1,718,845","7,697,761","5","1,047","74","202",""
2020/04/24,"640.19","645.22","629.12","632.96",▼,"-10.83","-1.68","1,781,069","8,847,938","2","225","60","1,039",""
2020/04/23,"640.13","645.54","637.33","643.79",▲,"8.63","+1.36","1,659,299","10,091,678","4","930","91","303","1"
2020/04/22,"618.95","635.31","616.88","635.16",▲,"6.39","+1.02","1,459,274","9,185,269","4","691","112","520","2"
2020/04/21,"634.76","641.07","602.05","628.77",▼,"-9.05","-1.42","2,164,007","12,731,402","","228","43","1,051",""
2020/04/20,"635.71","643.05","634.20","637.82",▲,"3.03","+0.48","1,571,067","9,532,297","5","751","85","489","2"
2020/04/17,"631.34","634.79","628.05","634.79",▲,"11.36","+1.82","1,640,016","9,115,282","5","1,036","68","218",""
2020/04/16,"606.69","623.59","603.15","623.43",▲,"13.14","+2.15","1,368,160","8,217,243","6","926","74","322",""
2020/04/14,"605.14","611.36","602.05","610.29",▲,"13.58","+2.28","1,600,520","8,357,337","3","1,069","77","176",""
2020/04/13,"609.94","611.06","596.71","596.71",▼,"-14.55","-2.38","2,010,346","10,096,969","2","215","50","1,056",""
2020/04/10,"617.75","618.08","593.01","611.26",▼,"-4.69","-0.76","2,001,744","10,153,608","5","421","73","827",""
2020/04/09,"616.67","618.37","610.66","615.95",▲,"8.58","+1.41","1,810,580","9,552,047","6","931","81","311",""
2020/04/08,"604.46","615.32","599.30","607.37",▲,"0.47","+0.08","2,362,934","12,763,686","6","748","82","495",""
2020/04/07,"606.21","606.90","593.22","606.90",▲,"9.69","+1.62","2,108,624","13,276,333","9","995","55","273",""
2020/04/06,"579.25","597.21","577.83","597.21",▲,"24.20","+4.22","1,526,019","9,876,607","15","1,214","40","73",""
2020/04/03,"571.29","576.27","564.02","573.01",▲,"5.31","+0.94","1,374,770","9,453,490","5","838","78","412",""
2020/04/02,"555.40","567.70","542.75","567.70",▲,"15.86","+2.87","1,680,263","10,992,105","13","986","75","266","1"
2020/04/01,"568.88","579.76","551.30","551.84",▼,"-17.23","-3.03","1,897,096","13,461,988","10","450","65","813",""
2020/03/31,"551.48","569.07","551.25","569.07",▲,"26.96","+4.97","1,865,421","13,672,046","18","1,139","50","138",""
2020/03/30,"513.13","542.12","511.47","542.11",▲,"19.28","+3.69","1,431,987","9,610,628","28","1,057","57","215",""
2020/03/27,"535.94","540.04","502.48","522.83",▲,"6.22","+1.20","1,979,703","14,845,252","13","839","82","408",""
2020/03/26,"506.51","533.33","501.82","516.61",▲,"10.93","+2.16","1,649,355","11,902,864","26","1,032","46","254",""
2020/03/25,"496.32","506.43","488.98","505.68",▲,"25.28","+5.26","1,441,082","9,686,607","23","1,250","30","52",""
2020/03/24,"457.21","480.40","454.24","480.40",▲,"36.64","+8.26","1,143,642","6,742,315","12","1,246","22","63",""
2020/03/23,"443.51","455.97","435.81","443.76",▼,"-23.99","-5.13","1,086,690","6,163,699","5","107","16","1,214","3"
2020/03/20,"443.88","467.75","435.11","467.75",▲,"39.40","+9.20","1,243,149","6,503,974","18","1,247","20","72","1"
2020/03/19,"501.59","502.12","419.55","428.35",▼,"-56.79","-11.71","1,646,248","8,575,181","3","43","8","1,293","26"
2020/03/18,"520.79","526.10","485.14","485.14",▼,"-29.59","-5.75","1,322,271","7,410,179","6","130","39","1,176",""
2020/03/17,"488.02","518.72","483.51","514.73",▲,"10.22","+2.03","1,367,413","7,993,286","7","605","55","686","1"
2020/03/16,"538.68","541.87","504.51","504.51",▼,"-19.49","-3.72","1,201,664","7,219,385","4","212","56","1,077","4"
2020/03/13,"536.62","540.30","487.07","524.00",▼,"-39.49","-7.01","1,522,369","8,152,013","1","50","13","1,282","2"
2020/03/12,"589.20","594.32","555.47","563.49",▼,"-32.12","-5.39","1,639,528","8,049,548","4","87","17","1,242",""
2020/03/11,"621.12","622.07","591.38","595.61",▼,"-24.36","-3.93","1,570,650","8,354,953","5","113","34","1,199","1"
2020/03/10,"606.89","619.98","604.51","619.97",▲,"5.37","+0.87","1,431,027","9,633,330","4","655","66","620","1"
2020/03/09,"631.13","632.52","614.58","614.60",▼,"-28.12","-4.38","1,317,498","8,683,416","6","79","22","1,242","1"
2020/03/06,"642.33","647.83","637.20","642.72",▼,"-7.47","-1.15","1,113,502","7,238,871","2","255","58","1,029",""
2020/03/05,"647.75","650.81","643.97","650.19",▲,"8.46","+1.32","1,077,679","6,397,649","3","978","88","278",""
2020/03/04,"623.75","641.73","623.55","641.73",▲,"14.91","+2.38","1,097,676","5,659,995","4","1,157","50","132",""
2020/03/03,"641.65","641.77","626.71","626.82",▼,"-0.84","-0.13","1,232,865","6,053,621","3","751","111","481",""
2020/03/02,"617.88","627.71","607.32","627.66",▲,"16.93","+2.77","1,186,854","6,153,922","4","1,062","56","225","1"
2020/02/28,"626.36","631.25","608.38","610.73",▼,"-27.44","-4.30","1,389,631","8,020,425","1","69","19","1,255","1"
2020/02/27,"654.61","660.89","634.79","638.17",▼,"-16.46","-2.51","1,231,802","7,715,985","4","166","42","1,134","1"
2020/02/26,"644.02","658.29","642.98","654.63",▼,"-2.32","-0.35","1,137,059","6,137,280","1","434","91","817","1"
2020/02/25,"639.28","656.96","633.65","656.95",▲,"17.66","+2.76","1,212,527","6,189,111","3","1,084","44","213",""
2020/02/24,"653.40","656.31","639.22","639.29",▼,"-28.70","-4.30","1,476,932","8,178,363","3","89","17","1,237",""
2020/02/21,"673.57","680.28","667.47","667.99",▼,"-13.67","-2.01","1,427,547","8,134,693","6","192","49","1,102","1"
2020/02/20,"687.65","688.51","677.99","681.66",▼,"-3.12","-0.46","1,464,809","8,799,125","4","367","76","898",""
2020/02/19,"686.89","688.11","673.64","684.78",▲,"1.86","+0.27","1,604,888","7,629,860","6","550","95","696",""
2020/02/18,"691.42","692.52","681.44","682.92",▼,"-9.67","-1.40","1,781,024","7,509,559","2","317","67","957","1"
2020/02/17,"690.35","692.64","686.73","692.59",▲,"3.68","+0.53","1,524,917","6,524,735","4","632","101","609",""
2020/02/14,"687.23","692.00","685.67","688.91",▲,"1.30","+0.19","1,499,191","7,351,634","4","650","101","593","1"
2020/02/13,"689.54","691.43","681.77","687.61",▲,"1.02","+0.15","1,345,100","6,993,822","6","472","127","743",""
2020/02/12,"683.26","686.79","680.26","686.59",▲,"4.25","+0.62","1,333,842","6,045,972","5","693","96","552",""
2020/02/11,"678.97","682.34","678.43","682.34",▲,"6.27","+0.93","1,167,070","5,516,294","3","765","123","454",""
2020/02/10,"669.53","676.08","668.10","676.07",▲,"3.44","+0.51","979,098","4,829,779","4","667","117","558","1"
2020/02/07,"673.11","674.03","667.93","672.63",▼,"-0.06","-0.01","1,024,735","5,232,691","2","575","120","649",""
2020/02/06,"665.94","672.69","665.88","672.69",▲,"11.37","+1.72","946,334","4,609,410","2","996","87","263",""
2020/02/05,"666.74","668.91","658.03","661.32",▲,"0.08","+0.01","991,276","5,266,753","","655","111","582","1"
2020/02/04,"650.72","661.24","649.22","661.24",▲,"14.39","+2.22","938,254","5,073,960","1","1,116","56","175","1"
2020/02/03,"631.82","648.34","627.65","646.85",▲,"4.37","+0.68","1,193,311","6,081,593","3","638","80","629","2"
2020/01/31,"660.98","664.77","641.57","642.48",▼,"-13.91","-2.12","1,343,602","6,458,896","4","202","55","1,087",""
2020/01/30,"670.65","673.17","652.42","656.39",▼,"-13.79","-2.06","1,213,886","6,228,414","4","195","55","1,093",""
2020/01/29,"671.08","671.98","664.09","670.18",▲,"5.48","+0.82","1,056,865","5,573,599","2","779","115","450",""
2020/01/28,"660.79","668.22","658.78","664.70",▼,"-20.87","-3.04","1,161,215","6,991,101","12","176","32","1,135",""
2020/01/23,"685.94","687.71","683.52","685.57",▼,"-2.68","-0.39","957,782","5,009,218","3","474","122","744",""
2020/01/22,"677.05","688.28","677.05","688.25",▲,"11.73","+1.73","1,012,722","4,631,042","2","900","94","351",""
2020/01/21,"683.82","685.89","675.48","676.52",▼,"-6.95","-1.02","1,032,065","5,569,469","2","329","90","927",""
2020/01/20,"690.85","691.17","682.48","683.47",▼,"-4.94","-0.72","1,019,250","5,916,227","4","390","71","885",""
2020/01/17,"689.73","690.61","686.68","688.41",▲,"1.89","+0.28","1,028,709","5,544,314","1","692","121","533",""
2020/01/16,"679.67","686.52","679.49","686.52",▲,"7.36","+1.08","880,290","5,239,369","1","713","123","509",""
2020/01/15,"678.83","681.39","676.91","679.16",▲,"0.45","+0.07","908,209","4,233,510","3","715","115","513",""
2020/01/14,"682.14","685.88","676.78","678.71",▼,"-0.51","-0.08","897,262","5,205,779","3","542","127","678",""
2020/01/13,"673.76","679.22","673.23","679.22",▲,"6.19","+0.92","894,402","4,843,152","","871","98","376",""
2020/01/10,"668.79","673.03","665.92","673.03",▲,"6.94","+1.04","827,031","4,857,917","2","891","95","360",""
2020/01/09,"657.01","666.09","656.25","666.09",▲,"25.15","+3.92","980,618","5,261,765","2","1,230","40","80","1"
2020/01/08,"657.24","658.14","637.43","640.94",▼,"-22.50","-3.39","1,379,708","7,034,355","4","91","36","1,222",""
2020/01/07,"660.87","664.21","659.18","663.44",▲,"8.13","+1.24","970,306","5,302,183","2","854","120","376",""
2020/01/06,"660.08","663.10","653.61","655.31",▼,"-14.62","-2.18","884,278","4,961,872","2","224","47","1,078",""
2020/01/03,"677.57","679.37","668.10","669.93",▼,"-4.09","-0.61","903,858","5,540,086","3","541","101","707",""
2020/01/02,"672.53","674.30","666.62","674.02",▲,"4.19","+0.63","783,730","4,476,504","3","860","101","388",""
2019/12/30,"662.06","669.83","661.62","669.83",▲,"8.59","+1.30","789,329","3,799,412","2","921","103","326",""
2019/12/27,"652.60","661.59","652.17","661.24",▲,"9.17","+1.41","807,711","4,312,635","2","913","67","367",""
2019/12/26,"640.77","652.09","640.20","652.07",▲,"13.16","+2.06","921,877","4,352,931","3","981","104","263","1"
2019/12/24,"648.71","648.71","638.74","638.91",▼,"-8.71","-1.34","763,092","3,572,405","3","306","99","941","2"
2019/12/23,"651.77","652.81","646.68","647.62",▼,"-2.11","-0.32","725,861","3,968,732","2","325","93","927",""
2019/12/20,"650.19","651.20","647.90","649.73",▲,"1.88","+0.29","944,573","4,198,107","2","609","134","602",""
2019/12/19,"650.30","653.65","645.11","647.85",▼,"-1.10","-0.17","808,153","3,734,443","2","516","99","728","1"
2019/12/18,"650.87","651.71","647.73","648.95",▼,"-1.63","-0.25","882,121","4,328,545","1","571","110","659",""
2019/12/17,"646.80","650.58","646.04","650.58",▲,"6.14","+0.95","851,063","4,486,599","2","632","89","620",""
2019/12/16,"644.91","646.56","643.24","644.44",▲,"0.99","+0.15","794,175","3,748,611","2","702","132","505",""
2019/12/13,"643.34","645.73","641.87","643.45",▲,"6.51","+1.02","913,750","4,290,512","1","932","99","310",""
2019/12/12,"632.29","638.92","631.25","636.94",▲,"7.81","+1.24","941,202","4,498,908","","891","116","331",""
2019/12/11,"627.26","630.60","626.57","629.13",▲,"2.02","+0.32","817,888","3,952,346","4","713","112","516","1"
2019/12/10,"627.62","627.76","623.54","627.11",▼,"-0.75","-0.12","763,025","3,950,678","2","516","150","672",""
2019/12/09,"630.60","630.63","625.59","627.86",▼,"-0.24","-0.04","778,729","4,226,425","3","618","97","624",""
2019/12/06,"619.48","628.11","619.48","628.10",▲,"10.50","+1.70","726,660","4,098,402","4","980","94","265",""
2019/12/05,"629.49","629.60","613.77","617.60",▼,"-7.67","-1.23","901,705","4,682,213","2","307","94","936","1"
2019/12/04,"626.06","630.45","622.67","625.27",▼,"-4.31","-0.68","928,166","3,828,566","2","318","85","933",""
2019/12/03,"630.07","632.01","627.00","629.58",▼,"-4.92","-0.78","868,945","4,117,052","4","454","108","773","1"
2019/12/02,"635.58","638.35","632.22","634.50",▲,"1.51","+0.24","845,648","3,811,687","3","543","104","685","2"
2019/11/29,"641.72","643.27","631.40","632.99",▼,"-7.19","-1.12","940,624","4,319,179","1","350","77","905",""
2019/11/28,"646.27","649.37","640.18","640.18",▼,"-7.21","-1.11","882,465","4,265,274","3","402","96","836",""
2019/11/27,"653.74","653.87","646.89","647.39",▼,"-4.20","-0.64","859,365","5,153,173","2","387","103","843","1"
2019/11/26,"650.79","653.54","649.78","651.59",▲,"4.19","+0.65","868,850","5,091,667","2","868","128","335",""
2019/11/25,"639.50","647.41","639.50","647.40",▲,"13.48","+2.13","826,788","4,086,008","3","1,038","66","228",""
2019/11/22,"637.99","640.77","629.74","633.92",▼,"-2.07","-0.33","1,053,044","5,162,173","2","553","114","666",""
2019/11/21,"650.56","651.23","634.29","635.99",▼,"-13.88","-2.14","1,051,934","5,025,589","4","191","69","1,072",""
2019/11/20,"661.45","663.76","648.82","649.87",▼,"-12.66","-1.91","1,289,204","5,928,634","1","212","58","1,059",""
2019/11/19,"669.11","669.24","662.24","662.53",▼,"-6.81","-1.02","1,156,557","5,280,502","3","357","106","866","1"
2019/11/18,"670.07","671.09","666.82","669.34",▲,"0.83","+0.12","1,086,953","5,401,260","5","667","87","574",""
2019/11/15,"662.87","668.54","660.64","668.51",▲,"5.20","+0.78","1,107,075","5,124,025","2","607","84","636",""
2019/11/14,"663.25","666.05","659.21","663.31",▲,"1.46","+0.22","1,359,616","5,251,760","4","584","90","654",""
2019/11/13,"665.37","665.48","659.95","661.85",▼,"-3.29","-0.49","1,363,966","4,829,468","8","485","94","749",""
2019/11/12,"662.11","665.86","661.42","665.14",▲,"3.77","+0.57","1,081,150","4,618,378","5","642","128","558",""
2019/11/11,"666.13","666.13","658.70","661.37",▼,"-3.23","-0.49","922,613","4,160,073","4","513","105","710",""
2019/11/08,"669.34","670.59","662.46","664.60",▼,"-1.55","-0.23","952,988","4,475,519","3","637","108","581",""
2019/11/07,"668.73","669.57","663.70","666.15",▼,"-3.53","-0.53","1,026,100","5,679,533","2","478","113","735",""
2019/11/06,"672.12","673.86","669.25","669.68",▼,"-2.50","-0.37","1,091,285","6,061,616","3","700","109","516",""
2019/11/05,"669.47","672.18","666.00","672.18",▲,"3.73","+0.56","987,479","6,221,553","4","660","114","548",""
2019/11/04,"667.20","669.66","665.63","668.45",▲,"6.11","+0.92","921,194","4,731,445","5","876","96","351",""
2019/11/01,"658.16","662.34","656.13","662.34",▲,"3.82","+0.58","820,171","4,734,490","3","710","103","508",""
2019/10/31,"658.45","661.65","656.96","658.52",▲,"3.48","+0.53","892,492","5,241,227","1","752","114","455",""
2019/10/30,"660.60","660.60","654.15","655.04",▼,"-3.26","-0.50","892,700","5,813,807","1","391","95","833",""
2019/10/29,"656.85","658.76","653.83","658.30",▲,"5.88","+0.90","954,715","6,534,640","4","677","111","532",""
2019/10/28,"655.05","657.29","651.95","652.42",▲,"0.05","+0.01","933,703","6,476,201","2","715","83","518","1"
2019/10/25,"657.60","658.77","651.29","652.37",▼,"-6.38","-0.97","1,009,206","7,007,192","5","509","90","715","1"
2019/10/24,"658.53","662.27","647.53","658.75",▼,"-0.23","-0.03","1,073,219","7,963,560","2","546","102","668",""
2019/10/23,"656.88","660.38","654.78","658.98",▲,"3.07","+0.47","1,033,677","6,307,183","6","365","70","877",""
2019/10/22,"653.17","660.35","651.10","655.91",▲,"6.73","+1.04","883,770","6,333,997","5","601","118","594",""
2019/10/21,"646.79","649.18","645.35","649.18",▲,"2.49","+0.39","767,921","4,694,497","5","372","78","862",""
2019/10/18,"651.55","651.97","645.59","646.69",▼,"-2.60","-0.40","866,092","4,760,597","2","519","110","684",""
2019/10/17,"653.08","654.67","646.61","649.29",▼,"-2.67","-0.41","1,042,682","5,194,384","4","482","104","725",""
2019/10/16,"650.61","652.73","649.88","651.96",▲,"5.16","+0.80","860,252","4,633,299","4","763","103","442",""
2019/10/15,"641.51","647.40","641.49","646.80",▲,"5.34","+0.83","737,772","4,121,168","5","774","105","431",""
2019/10/14,"638.65","643.41","637.69","641.46",▲,"8.51","+1.34","681,422","4,037,155","1","905","75","328",""
2019/10/11,"638.22","638.49","632.92","632.95",▼,"-1.78","-0.28","767,474","4,681,884","2","593","124","590",""
2019/10/10,"633.96","635.85","630.59","634.73",▼,"-0.68","-0.11","715,225","4,376,728","5","541","100","670",""
2019/10/08,"628.03","635.94","624.92","635.41",▲,"8.20","+1.31","864,368","6,110,522","1","807","94","412",""
2019/10/07,"625.25","627.82","622.45","627.21",▲,"5.37","+0.86","753,054","4,811,783","3","404","72","833",""
2019/10/04,"623.08","627.15","619.53","621.84",▼,"-2.67","-0.43","792,984","4,033,259","2","322","106","880",""
2019/10/02,"627.75","630.62","624.47","624.51",▼,"-7.59","-1.20","1,252,778","4,524,334","","361","85","863",""
2019/10/01,"623.70","632.12","621.76","632.10",▲,"10.34","+1.66","875,336","4,374,428","3","761","91","457","2"
2019/09/30,"625.69","627.30","615.64","621.76",▼,"-5.17","-0.82","745,973","3,606,633","4","356","64","890","4"
2019/09/27,"628.41","628.41","623.32","626.93",▼,"-1.49","-0.24","724,108","3,402,629","2","487","95","725","3"
2019/09/26,"632.31","635.64","622.55","628.42",▲,"1.66","+0.26","838,492","4,566,644","","543","116","648",""
2019/09/25,"641.08","641.23","626.02","626.76",▼,"-15.09","-2.35","987,731","4,561,734","2","164","31","1,114","3"
2019/09/24,"643.45","646.60","641.17","641.85",▼,"-3.16","-0.49","778,008","3,765,461","3","585","119","602","1"
2019/09/23,"648.81","649.22","644.39","645.01",▼,"-4.06","-0.63","747,643","3,397,867","3","406","106","799",""
2019/09/20,"647.50","650.03","645.91","649.07",▲,"3.36","+0.52","844,700","4,340,363","1","652","107","552",""
2019/09/19,"646.83","651.45","643.00","645.71",▲,"0.59","+0.09","867,284","4,008,539","","684","112","510",""
2019/09/18,"646.25","648.95","644.32","645.12",▲,"0.84","+0.13","909,109","4,459,121","3","573","97","639",""
2019/09/17,"637.10","646.05","636.00","644.28",▲,"5.69","+0.89","823,507","4,139,544","11","764","92","451","1"
2019/09/16,"634.67","638.59","630.16","638.59",▲,"8.22","+1.30","622,054","3,220,465","4","843","98","367",""
2019/09/11,"625.81","632.42","624.78","630.37",▲,"7.12","+1.14","718,202","3,720,938","1","913","87","308",""
2019/09/10,"627.77","628.81","621.95","623.25",▼,"-2.52","-0.40","830,373","3,762,025","2","599","82","625","1"
2019/09/09,"633.61","634.30","625.28","625.77",▼,"-5.38","-0.85","709,696","3,850,357","4","388","84","835",""
2019/09/06,"637.33","637.33","630.60","631.15",▼,"-1.84","-0.29","882,307","4,481,747","2","449","106","751",""
2019/09/05,"633.19","634.96","631.38","632.99",▲,"3.68","+0.58","948,696","5,023,655","","720","91","494",""
2019/09/04,"619.61","629.31","619.46","629.31",▲,"9.29","+1.50","792,568","3,955,113","3","889","88","329",""
2019/09/03,"619.86","623.34","619.28","620.02",▲,"0.21","+0.03","777,379","3,728,694","3","673","98","535","1"
2019/09/02,"609.46","619.90","608.97","619.81",▲,"9.26","+1.52","683,774","3,577,065","3","878","91","337",""
2019/08/30,"607.14","611.11","606.65","610.55",▲,"10.98","+1.83","787,576","3,705,439","2","1,058","59","189",""
2019/08/29,"604.19","605.39","595.26","599.57",▼,"-3.33","-0.55","681,486","3,605,905","1","382","101","822",""
2019/08/28,"590.67","602.90","590.36","602.90",▲,"14.58","+2.48","698,491","3,908,017","3","930","74","301",""
2019/08/27,"592.38","596.43","587.42","588.32",▲,"5.41","+0.93","651,146","3,241,330","2","829","99","376","1"
2019/08/26,"594.25","598.08","582.77","582.91",▼,"-26.07","-4.28","711,378","3,917,963","","85","35","1,184",""
2019/08/23,"606.28","612.63","605.93","608.98",▼,"-3.27","-0.53","706,441","3,806,195","","387","73","842",""
2019/08/22,"618.34","618.73","611.67","612.25",▼,"-3.71","-0.60","850,917","3,931,125","3","397","77","831",""
2019/08/21,"605.83","615.96","604.83","615.96",▲,"8.95","+1.47","821,038","3,531,843","1","886","86","333",""
2019/08/20,"597.15","607.87","595.62","607.01",▲,"12.36","+2.08","914,620","3,639,424","3","1,023","60","221",""
2019/08/19,"596.42","597.59","591.21","594.65",▲,"3.08","+0.52","706,961","3,393,083","2","778","85","440",""
2019/08/16,"590.04","592.82","587.49","591.57",▼,"-5.58","-0.93","684,048","3,767,531","2","294","59","948","3"
2019/08/14,"600.35","601.46","596.23","597.15",▲,"6.40","+1.08","793,565","4,105,968","1","808","84","408",""
2019/08/13,"589.71","593.98","588.47","590.75",▼,"-3.42","-0.58","755,896","3,792,005","5","573","82","645",""
2019/08/12,"590.43","594.70","585.07","594.17",▲,"4.13","+0.70","707,419","3,440,960","3","882","68","346",""
2019/08/09,"590.51","593.28","585.94","590.04",▲,"4.60","+0.79","690,855","4,157,334","4","828","58","413",""
2019/08/08,"571.59","585.44","571.00","585.44",▲,"20.80","+3.68","929,189","4,831,848","1","1,180","31","88",""
2019/08/07,"562.47","567.52","554.18","564.64",▲,"13.14","+2.38","835,978","4,843,612","5","1,035","45","219","1"
2019/08/06,"555.07","577.51","540.83","551.50",▼,"-18.29","-3.21","973,681","5,611,504","1","172","43","1,083","4"
2019/08/05,"614.69","615.23","569.78","569.79",▼,"-45.91","-7.46","821,183","4,773,105","","57","8","1,230","4"
2019/08/02,"612.01","622.36","607.01","615.70",▼,"-6.56","-1.05","601,247","3,703,940","2","507","96","693","1"
2019/08/01,"627.94","634.44","622.25","622.26",▼,"-7.92","-1.26","694,237","4,161,131","","306","75","913","2"
2019/07/31,"625.05","631.43","610.70","630.18",▲,"4.54","+0.73","770,559","4,228,756","5","792","86","414",""
2019/07/30,"620.33","630.61","620.33","625.64",▲,"6.86","+1.11","716,177","3,566,194","4","956","66","269","2"
2019/07/29,"643.34","643.34","618.78","618.78",▼,"-25.81","-4.00","795,264","3,783,791","3","88","21","1,182",""
2019/07/26,"650.30","652.38","640.43","644.59",▼,"-7.81","-1.20","886,276","3,969,501","2","298","50","943","3"
2019/07/25,"660.30","661.62","647.38","652.40",▼,"-7.43","-1.13","871,058","4,177,256","3","248","58","986",""
2019/07/24,"670.31","672.36","659.26","659.83",▼,"-8.82","-1.32","971,455","4,976,197","2","258","57","978",""
2019/07/23,"675.84","678.27","666.79","668.65",▼,"-6.13","-0.91","894,110","4,590,939","3","298","84","910",""
2019/07/22,"674.00","675.48","671.44","674.78",▲,"0.72","+0.11","644,965","3,357,187","3","619","116","557",""
2019/07/19,"668.20","674.06","668.20","674.06",▲,"8.91","+1.34","756,214","3,949,976","3","880","79","332",""
2019/07/18,"665.09","669.47","661.82","665.15",▼,"-1.13","-0.17","837,117","4,258,998","2","541","86","663",""
2019/07/17,"673.08","673.34","661.93","666.28",▼,"-8.14","-1.21","901,090","4,235,393","4","245","49","998",""
2019/07/16,"675.67","679.69","672.77","674.42",▼,"-0.37","-0.05","824,276","4,586,564","1","511","75","704",""
2019/07/15,"682.36","682.36","671.71","674.79",▼,"-6.38","-0.94","715,663","4,212,000","1","304","47","939","1"
2019/07/12,"677.87","682.65","673.76","681.17",▲,"4.08","+0.60","735,655","4,135,928","2","713","93","484",""
2019/07/11,"669.98","677.11","668.42","677.09",▲,"10.19","+1.53","791,145","4,152,966","3","945","63","280",""
2019/07/10,"662.30","670.68","660.62","666.90",▲,"9.10","+1.38","774,833","3,861,175","5","956","74","258",""
2019/07/09,"670.76","675.09","657.77","657.80",▼,"-10.92","-1.63","879,148","4,125,586","3","331","65","893",""
2019/07/08,"691.97","691.97","668.72","668.72",▼,"-25.45","-3.67","766,598","4,249,617","3","107","18","1,163","1"
2019/07/05,"692.86","694.39","686.93","694.17",▲,"2.90","+0.42","729,813","4,048,011","4","649","95","543",""
2019/07/04,"693.96","694.63","682.73","691.27",▼,"-1.77","-0.26","763,516","4,132,922","5","473","83","734",""
2019/07/03,"697.68","698.89","689.86","693.04",▼,"-3.21","-0.46","676,298","3,979,382","5","399","72","819",""
2019/07/02,"695.80","699.44","693.19","696.25",▲,"0.25","+0.04","696,445","4,052,249","4","695","93","503",""
2019/07/01,"696.38","697.97","692.76","696.00",▲,"5.47","+0.79","734,433","5,156,354","3","678","78","535","1"
2019/06/28,"698.63","700.42","687.29","690.53",▼,"-7.68","-1.10","784,769","4,241,075","3","428","96","765","2"
2019/06/27,"711.18","713.14","694.53","698.21",▼,"-11.16","-1.57","909,979","5,131,838","1","347","98","843","2"
2019/06/26,"710.15","713.57","706.44","709.37",▼,"-0.65","-0.09","981,440","4,747,047","4","458","99","733",""
2019/06/25,"719.03","720.06","707.64","710.02",▼,"-7.67","-1.07","1,058,007","4,875,710","4","308","75","907",""
2019/06/24,"725.04","725.05","717.22","717.69",▼,"-4.95","-0.68","923,986","3,717,770","1","427","68","793",""
2019/06/21,"729.20","729.20","721.96","722.64",▼,"-4.68","-0.64","1,100,646","4,380,845","3","411","92","783",""
2019/06/20,"719.54","727.34","719.31","727.32",▲,"9.61","+1.34","1,004,460","4,056,678","5","877","99","311",""
2019/06/19,"721.66","722.66","714.98","717.71",▲,"2.85","+0.40","979,442","4,250,538","3","722","106","461",""
2019/06/18,"721.25","723.79","713.17","714.86",▼,"-4.27","-0.59","1,047,010","4,899,676","3","481","92","715",""
2019/06/17,"723.52","723.90","718.62","719.13",▼,"-3.12","-0.43","757,969","3,994,985","5","483","77","728",""
2019/06/14,"729.39","729.39","721.44","722.25",▼,"-4.43","-0.61","843,435","4,627,883","4","454","72","761",""
2019/06/13,"724.57","730.86","721.87","726.68",▲,"2.36","+0.33","839,460","4,977,454","4","712","92","485",""
2019/06/12,"729.06","729.06","721.91","724.32",▼,"-4.47","-0.61","724,080","3,997,840","","415","90","784",""
2019/06/11,"723.61","728.79","722.51","728.79",▲,"7.65","+1.06","897,025","4,195,981","2","886","86","316",""
2019/06/10,"721.12","721.50","717.08","721.14",▲,"4.61","+0.64","763,021","4,071,222","1","814","88","385",""
2019/06/07,"711.77","716.56","708.73","716.53",▲,"8.78","+1.24","723,224","4,016,297","2","915","94","278",""
2019/06/05,"709.07","710.11","706.76","707.75",▲,"5.22","+0.74","616,916","4,063,890","1","847","86","353","1"
2019/06/04,"699.12","702.53","697.20","702.53",▲,"5.03","+0.72","657,095","3,857,151","2","753","108","422",""
2019/06/03,"693.26","698.35","691.80","697.50",▲,"1.03","+0.15","643,044","3,581,778","4","566","93","627",""
2019/05/31,"688.70","699.40","687.71","696.47",▲,"7.14","+1.04","642,145","3,498,742","3","821","78","384",""
2019/05/30,"692.60","696.45","685.31","689.33",▼,"-2.14","-0.31","669,463","3,953,387","","500","83","699",""
2019/05/29,"699.12","699.53","689.90","691.47",▼,"-11.29","-1.61","849,781","4,522,970","2","282","58","942",""
2019/05/28,"691.55","702.76","690.78","702.76",▲,"13.09","+1.90","723,961","4,538,620","1","940","67","278",""
2019/05/27,"692.06","696.30","684.07","689.67",▼,"-0.36","-0.05","782,619","4,313,687","5","522","102","658",""
2019/05/24,"694.02","696.75","686.72","690.03",▼,"-6.86","-0.98","862,120","4,387,035","3","328","53","902","1"
2019/05/23,"707.74","707.95","696.88","696.89",▼,"-10.04","-1.42","902,830","4,643,652","2","279","60","944",""
2019/05/22,"709.38","710.46","702.25","706.93",▲,"2.95","+0.42","723,703","4,221,779","4","661","89","532","1"
2019/05/21,"701.83","708.16","700.00","703.98",▲,"1.90","+0.27","792,043","4,390,983","2","629","94","559",""
2019/05/20,"717.12","719.57","701.76","702.08",▼,"-12.05","-1.69","733,169","3,770,627","3","289","49","942",""
2019/05/17,"723.94","727.56","713.94","714.13",▼,"-3.46","-0.48","783,634","4,587,780","1","501","79","698",""
2019/05/16,"731.09","731.78","716.68","717.59",▼,"-12.01","-1.65","911,753","4,878,492","1","331","45","900",""
2019/05/15,"714.94","729.63","713.49","729.60",▲,"19.44","+2.74","859,428","4,941,190","5","1,049","47","180",""
2019/05/14,"698.86","714.80","698.30","710.16",▲,"1.36","+0.19","1,072,271","5,055,505","1","589","95","591","1"
2019/05/13,"722.19","724.78","708.77","708.80",▼,"-13.82","-1.91","916,425","4,537,676","7","315","56","903",""
2019/05/10,"726.06","729.84","712.15","722.62",▼,"-1.60","-0.22","916,495","4,200,841","6","543","80","651","1"
2019/05/09,"746.96","747.96","722.60","724.22",▼,"-21.15","-2.84","992,089","4,603,640","3","129","26","1,119",""
2019/05/08,"745.86","751.55","745.36","745.37",▼,"-8.08","-1.07","922,683","4,239,485","3","332","78","863",""
2019/05/07,"751.26","757.97","749.27","753.45",▼,"-8.37","-1.10","728,048","3,645,775","1","274","64","934","1"
2019/05/03,"761.13","762.72","758.42","761.82",▲,"1.44","+0.19","701,320","3,753,454","2","590","117","565",""
2019/05/02,"753.51","760.94","753.43","760.38",▲,"5.64","+0.75","779,401","4,247,854","4","842","89","340",""
2019/04/30,"751.40","755.11","746.42","754.74",▲,"4.14","+0.55","671,042","3,769,023","2","614","79","576",""
2019/04/29,"744.01","750.60","742.43","750.60",▲,"9.60","+1.30","754,662","3,228,088","","814","92","361",""
2019/04/26,"748.30","750.23","739.84","741.00",▼,"-9.43","-1.26","865,151","3,788,915","2","297","67","906",""
2019/04/25,"757.64","757.64","750.43","750.43",▼,"-7.39","-0.98","946,890","4,328,694","","320","73","879",""
2019/04/24,"765.00","765.02","755.93","757.82",▼,"-3.60","-0.47","886,600","4,453,437","1","444","100","728","1"
2019/04/23,"763.58","764.48","756.77","761.42",▼,"-0.59","-0.08","895,100","4,169,425","1","479","94","699",""
2019/04/22,"764.37","767.02","760.02","762.01",▼,"-0.56","-0.07","691,820","3,677,724","1","543","91","638",""
2019/04/19,"757.42","762.95","757.35","762.57",▲,"9.05","+1.20","773,546","3,805,305","","838","96","339",""
2019/04/18,"767.74","767.85","751.59","753.52",▼,"-13.37","-1.74","904,450","4,815,044","1","266","55","954",""
2019/04/17,"766.70","768.43","765.36","766.89",▲,"1.87","+0.24","1,063,544","4,967,478","1","674","102","500",""
2019/04/16,"767.59","767.73","758.69","765.02",▼,"-1.73","-0.23","979,257","4,776,286","1","382","82","810",""
2019/04/15,"770.63","770.66","765.62","766.75",▼,"-1.10","-0.14","951,955","4,783,660","3","503","87","685",""
2019/04/12,"765.60","769.09","762.99","767.85",▲,"1.36","+0.18","926,529","4,342,635","4","645","113","516",""
2019/04/11,"762.15","766.56","762.13","766.49",▲,"6.34","+0.83","760,873","4,329,711","1","779","97","397",""
2019/04/10,"755.73","760.15","754.05","760.15",▲,"3.34","+0.44","744,528","4,692,968","2","678","112","480",""
2019/04/09,"753.72","756.92","749.87","756.81",▲,"4.89","+0.65","836,573","4,701,168","1","619","116","536",""
2019/04/08,"755.32","756.16","750.02","751.92",▲,"0.21","+0.03","762,374","4,321,665","1","537","96","638",""
2019/04/05,"752.28","753.97","748.79","751.71",▲,"0.13","+0.02","788,494","4,273,409","3","657","95","521",""
2019/04/04,"750.90","753.39","746.29","751.58",▲,"2.28","+0.30","879,690","4,359,673","2","674","99","502",""
2019/04/03,"741.76","749.30","740.73","749.30",▲,"9.73","+1.32","807,521","4,220,277","1","859","90","324",""
2019/04/02,"740.94","740.94","737.18","739.57",▲,"2.76","+0.37","955,939","4,106,381","3","691","127","459",""
2019/04/01,"731.50","737.69","729.74","736.81",▲,"7.50","+1.03","704,756","3,592,041","3","940","71","263","2"
2019/03/29,"723.64","729.31","714.53","729.31",▲,"9.59","+1.33","779,262","4,081,058","2","737","82","455",""
2019/03/28,"727.70","728.56","719.72","719.72",▼,"-8.73","-1.20","695,541","3,893,133","2","313","70","894",""
2019/03/27,"739.22","739.22","728.43","728.45",▼,"-8.36","-1.13","748,819","4,137,567","4","481","77","722",""
2019/03/26,"732.76","737.50","729.22","736.81",▲,"9.60","+1.32","656,384","3,912,306","2","833","95","346",""
2019/03/25,"733.51","737.22","726.93","727.21",▼,"-16.76","-2.25","696,282","4,494,273","1","226","50","1,001",""
2019/03/22,"747.87","748.05","741.03","743.97",▲,"0.45","+0.06","752,365","4,744,195","3","556","107","611",""
2019/03/21,"750.79","753.98","742.03","743.52",▼,"-6.24","-0.83","795,564","4,822,786","1","393","79","808","2"
2019/03/20,"750.50","750.50","741.25","749.76",▲,"0.85","+0.11","880,135","4,838,198","1","457","75","751",""
2019/03/19,"757.07","757.88","748.76","748.91",▼,"-4.22","-0.56","984,686","4,713,909","1","552","93","642",""
2019/03/18,"752.15","755.89","748.70","753.13",▲,"4.77","+0.64","705,218","4,343,581","3","801","85","401","1"
2019/03/15,"756.82","757.29","743.34","748.36",▼,"-7.06","-0.93","881,367","5,907,010","1","367","77","846","1"
2019/03/14,"758.53","762.41","755.42","755.42",▲,"0.53","+0.07","643,981","4,405,717","3","833","105","349",""
2019/03/13,"755.30","758.90","750.49","754.89",▲,"0.13","+0.02","797,145","4,981,843","1","519","96","673",""
2019/03/12,"745.76","754.76","745.76","754.76",▲,"15.67","+2.12","792,766","5,189,636","4","931","78","280","1"
2019/03/11,"737.27","739.10","726.11","739.09",▲,"3.12","+0.42","686,954","3,892,937","1","472","77","739",""
2019/03/08,"733.38","739.59","730.42","735.97",▼,"-0.86","-0.12","871,229","3,573,382","1","436","86","768",""
2019/03/07,"746.21","750.13","733.49","736.83",▼,"-9.87","-1.32","897,292","4,482,811","1","318","86","883",""
2019/03/06,"750.13","750.81","741.68","746.70",▼,"-1.25","-0.17","846,993","4,320,269","3","610","82","595",""
2019/03/05,"746.90","751.45","743.80","747.95",▼,"-0.12","-0.02","753,414","4,386,457","","550","93","648",""
2019/03/04,"739.19","748.87","739.19","748.07",▲,"16.82","+2.30","707,577","4,184,004","","987","50","253","2"
2019/02/28,"753.29","755.92","731.25","731.25",▼,"-20.91","-2.78","1,016,481","5,427,451","1","122","33","1,134",""
2019/02/27,"748.11","752.16","747.16","752.16",▲,"5.07","+0.68","921,722","3,986,164","3","705","106","479","1"
2019/02/26,"752.25","753.66","746.12","747.09",▼,"-3.31","-0.44","956,644","3,832,204","1","412","80","796",""
2019/02/25,"746.79","750.93","746.30","750.40",▲,"7.02","+0.94","735,845","3,701,081","3","726","98","461",""
2019/02/22,"747.25","748.11","740.94","743.38",▼,"-3.95","-0.53","965,508","3,920,070","1","417","96","775",""
2019/02/21,"752.30","752.75","744.87","747.33",▼,"-3.36","-0.45","956,553","4,334,338","3","509","70","708",""
2019/02/20,"749.52","751.66","747.56","750.69",▲,"2.64","+0.35","885,293","4,103,406","3","593","100","592",""
2019/02/19,"746.50","748.69","741.20","748.05",▲,"2.72","+0.36","793,917","4,023,712","1","569","118","602",""
2019/02/18,"743.53","746.81","742.50","745.33",▲,"6.67","+0.90","734,383","3,422,762","1","795","102","392",""
2019/02/15,"741.53","743.20","734.37","738.66",▼,"-3.61","-0.49","737,998","4,103,589","2","430","84","772",""
2019/02/14,"740.69","742.46","737.07","742.27",▲,"2.36","+0.32","738,308","3,987,054","3","678","104","508",""
2019/02/13,"734.56","740.44","733.37","739.91",▲,"9.33","+1.28","798,622","3,948,426","2","815","98","377",""
2019/02/12,"734.87","735.14","729.52","730.58",▼,"-2.89","-0.39","692,220","3,825,195","1","532","123","632","2"
2019/02/11,"731.82","733.94","730.32","733.47",▲,"4.73","+0.65","704,616","3,822,231","2","619","100","568","2"
2019/02/08,"726.40","729.74","724.99","728.74",▼,"-0.05","-0.01","736,597","3,648,374","1","600","104","583",""
2019/02/07,"719.86","728.89","717.53","728.79",▲,"11.87","+1.66","713,057","3,702,347","","808","89","393","2"
2019/02/01,"719.08","719.74","714.66","716.92",▲,"0.06","+0.01","643,316","3,952,423","","521","99","670","1"
2019/01/31,"719.93","721.58","714.31","716.86",▲,"1.56","+0.22","684,510","3,771,395","","552","107","632",""
2019/01/30,"712.87","716.77","711.71","715.30",▲,"4.31","+0.61","719,235","3,898,469","2","642","101","548",""
2019/01/29,"712.65","713.65","705.89","710.99",▼,"-3.27","-0.46","703,385","3,922,761","3","386","79","821","1"
2019/01/28,"713.41","717.31","711.96","714.26",▲,"2.88","+0.40","664,266","3,699,906","1","560","92","636",""
2019/01/25,"705.66","712.67","704.67","711.38",▲,"6.97","+0.99","631,592","3,816,846","1","739","123","426",""
2019/01/24,"696.97","704.78","696.80","704.41",▲,"8.78","+1.26","605,765","3,742,060","1","739","107","441",""
2019/01/23,"691.50","697.06","690.91","695.63",▲,"1.08","+0.16","683,155","3,926,609","","638","122","526",""
2019/01/22,"698.00","698.30","692.45","694.55",▼,"-1.07","-0.15","794,374","3,930,136","2","490","102","694",""
2019/01/21,"698.74","698.74","692.95","695.62",▼,"-0.72","-0.10","794,340","4,025,977","3","688","76","523",""
2019/01/18,"690.83","696.34","689.80","696.34",▲,"9.99","+1.46","819,962","4,437,355","4","856","99","338",""
2019/01/17,"694.94","696.21","686.27","686.35",▼,"-7.03","-1.01","862,712","4,591,532","5","413","91","784","1"
2019/01/16,"692.72","693.50","687.43","693.38",▲,"2.99","+0.43","788,307","3,971,466","7","762","110","422",""
2019/01/15,"684.97","691.56","684.32","690.39",▲,"7.30","+1.07","639,018","3,517,053","2","858","104","328",""
2019/01/14,"687.42","687.42","682.54","683.09",▼,"-3.24","-0.47","613,343","3,108,914","1","583","111","602",""
2019/01/11,"686.09","688.01","683.59","686.33",▲,"2.99","+0.44","701,507","3,570,684","1","753","89","450",""
2019/01/10,"680.61","685.65","678.23","683.34",▲,"3.60","+0.53","735,087","3,742,925","3","635","102","552",""
2019/01/09,"672.38","681.12","671.95","679.74",▲,"11.25","+1.68","622,017","3,193,834","4","975","76","237",""
2019/01/08,"674.53","675.05","667.01","668.49",▼,"-4.35","-0.65","623,518","3,713,727","2","497","115","677",""
2019/01/07,"672.76","675.31","669.07","672.84",▲,"8.35","+1.26","584,294","3,211,134","3","902","101","288",""
2019/01/04,"655.62","664.49","648.95","664.49",▲,"7.47","+1.14","554,455","3,331,488","2","676","89","524",""
2019/01/03,"671.98","673.61","656.85","657.02",▼,"-12.35","-1.85","656,327","3,626,867","4","358","57","876",""
2019/01/02,"682.16","683.09","667.71","669.37",▼,"-6.28","-0.93","539,451","3,384,325","4","500","75","717",""
2018/12/28,"670.83","675.89","669.71","675.65",▲,"7.77","+1.16","598,210","3,033,870","3","961","64","268",""
2018/12/27,"678.86","678.86","667.13","667.88",▲,"2.14","+0.32","575,975","3,318,858","2","836","80","375",""
2018/12/26,"658.70","666.69","655.80","665.74",▼,"-4.05","-0.60","696,045","3,848,396","2","249","53","992",""
2018/12/24,"671.78","673.48","668.46","669.79",▼,"-3.85","-0.57","690,900","3,392,852","1","402","75","815","1"
2018/12/21,"667.22","675.23","667.21","673.64",▲,"5.51","+0.82","629,582","3,277,942","4","607","104","575",""
2018/12/20,"667.74","677.79","664.34","668.13",▼,"-3.95","-0.59","597,235","3,193,672","3","326","98","863","1"
2018/12/19,"663.73","673.59","661.20","672.08",▲,"12.41","+1.88","777,025","3,570,092","1","745","94","444","1"
2018/12/18,"654.14","665.17","653.81","659.67",▼,"-2.23","-0.34","675,886","3,521,203","3","408","84","782",""
2018/12/17,"665.48","665.77","652.84","661.90",▼,"-4.44","-0.67","550,124","3,392,667","2","393","61","827","1"
2018/12/14,"680.91","680.91","663.43","666.34",▼,"-15.44","-2.26","522,166","3,538,722","1","291","55","931",""
2018/12/13,"678.51","681.78","673.78","681.78",▲,"5.30","+0.78","553,272","3,349,855","3","878","92","311","1"
2018/12/12,"664.76","676.98","664.76","676.48",▲,"15.47","+2.34","524,545","2,740,279","1","975","65","243",""
2018/12/11,"673.23","673.61","661.01","661.01",▼,"-9.38","-1.40","566,811","3,336,836","","328","76","876",""
2018/12/10,"675.53","680.19","667.25","670.39",▼,"-14.94","-2.18","495,079","2,643,646","3","216","41","1,024",""
2018/12/07,"685.48","687.81","679.28","685.33",▲,"6.95","+1.02","600,793","2,968,604","1","743","112","423",""
2018/12/06,"699.15","699.54","677.09","678.38",▼,"-22.74","-3.24","637,155","3,066,759","1","136","33","1,108","1"
2018/12/05,"695.14","702.69","694.88","701.12",▼,"-7.51","-1.06","639,456","2,996,231","3","369","73","835","1"
2018/12/04,"709.46","711.77","704.30","708.63",▼,"-0.83","-0.12","656,060","2,990,364","3","628","104","541",""
2018/12/03,"704.38","709.65","702.65","709.46",▲,"13.70","+1.97","549,159","3,055,096","1","960","66","249",""
2018/11/30,"696.99","700.51","692.80","695.76",▲,"0.28","+0.04","537,912","2,869,072","2","469","119","686",""
2018/11/29,"709.69","710.45","694.71","695.48",▼,"-4.64","-0.66","667,660","3,280,449","2","517","87","668",""
2018/11/28,"702.99","703.24","698.74","700.12",▼,"-0.55","-0.08","658,486","3,002,075","3","581","94","594",""
2018/11/27,"698.96","702.13","693.18","700.67",▲,"5.31","+0.76","521,351","2,734,460","1","793","98","377",""
2018/11/26,"685.10","697.57","685.06","695.36",▲,"12.30","+1.80","470,518","2,664,505","3","807","98","361",""
2018/11/23,"694.24","695.75","682.21","683.06",▼,"-9.33","-1.35","578,900","2,986,754","1","305","71","892",""
2018/11/22,"697.84","700.41","690.06","692.39",▼,"-3.33","-0.48","513,214","3,020,832","2","374","91","802",""
2018/11/21,"681.66","695.72","676.67","695.72",▲,"4.91","+0.71","573,867","3,394,007","1","566","103","598",""
2018/11/20,"691.53","697.98","689.54","690.81",▼,"-11.32","-1.61","486,692","3,288,354","3","339","67","859",""
2018/11/19,"693.25","702.26","692.20","702.13",▲,"11.95","+1.73","489,402","3,312,345","3","839","80","344",""
2018/11/16,"685.05","692.60","682.87","690.18",▲,"8.80","+1.29","659,141","3,031,283","3","837","84","345",""
2018/11/15,"672.32","681.38","666.63","681.38",▲,"9.82","+1.46","667,932","2,903,394","1","663","81","522",""
2018/11/14,"670.25","680.29","665.78","671.56",▲,"0.71","+0.11","459,371","3,024,043","","584","92","589",""
2018/11/13,"658.52","671.93","651.19","670.85",▲,"0.03","0","542,147","3,036,524","","423","75","763",""
2018/11/12,"677.96","682.52","670.13","670.82",▼,"-16.47","-2.40","574,240","2,967,793","","332","66","865",""
2018/11/09,"694.18","695.11","680.68","687.29",▼,"-6.38","-0.92","791,776","3,219,009","1","450","81","730",""
2018/11/08,"695.05","697.25","691.39","693.67",▲,"11.30","+1.66","747,371","3,358,583","5","1,017","61","182",""
2018/11/07,"693.56","700.25","677.50","682.37",▼,"-9.18","-1.33","599,590","3,820,519","1","341","66","852",""
2018/11/06,"695.32","695.65","683.31","691.55",▼,"-0.39","-0.06","512,018","3,016,737","4","603","101","555",""
2018/11/05,"686.76","693.29","680.11","691.94",▲,"1.29","+0.19","442,503","2,904,270","1","555","74","631",""
2018/11/02,"666.59","690.65","666.59","690.65",▲,"33.19","+5.05","564,217","3,581,843","5","1,180","29","49",""
2018/11/01,"655.11","668.73","654.66","657.46",▲,"8.79","+1.36","582,655","3,481,590","6","962","63","234",""
2018/10/31,"648.72","650.38","638.38","648.67",▲,"4.53","+0.70","619,017","2,789,811","4","968","66","224",""
2018/10/30,"623.33","644.65","617.00","644.14",▲,"14.44","+2.29","798,837","3,996,019","1","908","34","315",""
2018/10/29,"663.95","674.77","629.70","629.70",▼,"-33.37","-5.03","657,089","3,899,579","","68","21","1,168","3"
2018/10/26,"694.37","694.37","658.11","663.07",▼,"-23.77","-3.46","582,817","3,581,572","4","138","41","1,078","1"
2018/10/25,"678.49","693.07","672.17","686.84",▼,"-12.46","-1.78","553,155","3,618,319","2","165","46","1,044",""
2018/10/24,"727.07","729.89","697.13","699.30",▼,"-19.70","-2.74","513,842","3,632,296","1","190","43","1,021",""
2018/10/23,"740.35","742.45","716.85","719.00",▼,"-25.15","-3.38","487,839","3,154,876","","93","41","1,120",""
2018/10/22,"736.74","744.15","733.11","744.15",▲,"3.67","+0.50","421,570","2,491,781","1","555","79","621",""
2018/10/19,"725.29","740.54","718.48","740.48",▲,"9.14","+1.25","440,055","3,089,661","","635","74","544",""
2018/10/18,"741.21","742.24","730.08","731.34",▼,"-7.81","-1.06","482,969","2,829,537","1","438","94","723",""
2018/10/17,"744.21","746.14","732.61","739.15",▲,"7.65","+1.05","536,539","3,441,848","3","849","91","315",""
2018/10/16,"724.30","734.12","724.30","731.50",▲,"12.63","+1.76","472,808","2,903,469","","987","60","209",""
2018/10/15,"732.98","733.90","717.72","718.87",▼,"-12.63","-1.73","496,932","3,423,222","2","438","77","742",""
2018/10/12,"704.72","731.50","704.72","731.50",▲,"24.12","+3.41","557,284","3,792,517","1","1,037","47","172","1"
2018/10/11,"720.22","733.04","707.31","707.38",▼,"-40.12","-5.37","699,184","4,318,476","3","60","19","1,180",""
2018/10/10,"768.31","770.85","746.63","747.50",▼,"-19.65","-2.56","669,594","3,772,109","2","139","29","1,098",""
2018/10/08,"772.36","784.47","767.08","767.15",▼,"-6.55","-0.85","516,022","3,001,838","2","381","94","787",""
2018/10/05,"784.94","791.32","769.29","773.70",▼,"-15.30","-1.94","573,663","3,680,850","","268","67","934",""
2018/10/04,"800.03","801.46","785.14","789.00",▼,"-5.99","-0.75","528,695","3,716,734","1","332","63","874",""
2018/10/02,"817.39","818.46","794.99","794.99",▼,"-21.54","-2.64","587,846","3,973,314","2","214","69","982",""
2018/10/01,"824.86","825.53","813.48","816.53",▼,"-5.74","-0.70","571,063","3,619,620","1","434","81","752",""
2018/09/28,"832.37","833.14","819.90","822.27",▼,"-10.74","-1.29","704,225","4,184,390","1","426","85","753","1"
2018/09/27,"828.09","834.29","827.88","833.01",▲,"5.17","+0.62","551,570","3,992,029","1","617","85","552",""
2018/09/21,"825.16","827.92","821.36","827.84",▲,"6.71","+0.82","532,199","4,244,709","1","759","91","403",""
2018/09/20,"829.20","832.51","819.30","821.13",▼,"-5.78","-0.70","686,613","6,691,515","4","336","82","832",""
2018/09/19,"833.00","834.15","824.46","826.91",▼,"-4.94","-0.59","788,461","6,360,568","4","304","78","865",""
2018/09/18,"826.44","833.66","824.87","831.85",▲,"2.97","+0.36","704,540","5,192,696","7","499","84","667",""
2018/09/17,"837.93","837.97","826.16","828.88",▼,"-6.03","-0.72","587,176","4,627,530","2","301","81","869",""
2018/09/14,"833.84","836.36","831.17","834.91",▲,"3.96","+0.48","603,310","5,167,283","2","669","89","493",""
2018/09/13,"828.54","830.95","825.10","830.95",▲,"4.62","+0.56","552,197","4,499,267","3","608","103","539",""
2018/09/12,"824.52","827.75","820.34","826.33",▲,"6.10","+0.74","639,687","5,508,599","3","435","99","714",""
2018/09/11,"816.21","821.29","815.82","820.23",▲,"4.07","+0.50","688,245","4,022,844","2","718","89","442",""
2018/09/10,"819.70","820.13","814.87","816.16",▼,"-2.70","-0.33","618,278","3,922,651","4","553","86","610",""
2018/09/07,"816.09","820.22","810.28","818.86",▲,"3.68","+0.45","699,516","4,536,320","3","489","91","669",""
2018/09/06,"821.50","822.10","813.91","815.18",▼,"-4.82","-0.59","709,791","4,545,280","1","351","74","824",""
2018/09/05,"827.72","829.66","819.45","820.00",▼,"-7.27","-0.88","663,690","4,349,710","2","444","93","712",""
2018/09/04,"819.34","828.01","818.26","827.27",▲,"10.43","+1.28","644,221","4,275,530","1","722","85","442",""
2018/09/03,"817.93","820.35","812.85","816.84",▼,"-0.13","-0.02","583,650","3,918,302","2","568","86","595",""
2018/08/31,"803.18","817.83","801.69","816.97",▲,"12.50","+1.55","727,392","4,109,756","1","672","112","466",""
2018/08/30,"805.22","807.91","801.19","804.47",▲,"1.29","+0.16","752,106","3,709,300","1","616","101","533",""
2018/08/29,"800.51","803.34","798.43","803.18",▲,"5.01","+0.63","654,444","3,554,887","2","668","97","485",""
2018/08/28,"806.59","806.89","797.84","798.17",▼,"-2.87","-0.36","673,695","4,031,527","1","629","90","532",""
2018/08/27,"799.29","801.58","796.11","801.04",▲,"2.81","+0.35","633,860","3,884,365","1","492","77","678",""
2018/08/24,"790.76","799.33","787.13","798.23",▲,"6.95","+0.88","567,855","3,572,650","1","679","125","443",""
2018/08/23,"788.90","792.03","782.94","791.28",▲,"5.33","+0.68","595,238","3,351,205","1","550","119","575",""
2018/08/22,"790.88","792.70","785.83","785.95",▼,"-1.20","-0.15","595,001","3,432,853","3","572","86","583",""
2018/08/21,"773.12","788.92","772.59","787.15",▲,"17.37","+2.26","516,586","3,466,657","3","891","102","249",""
2018/08/20,"775.81","778.26","769.21","769.78",▼,"-2.52","-0.33","483,971","3,230,786","1","541","113","587",""
2018/08/17,"766.29","773.37","765.03","772.30",▲,"11.12","+1.46","587,546","3,479,090","2","817","73","352",""
2018/08/16,"752.04","761.57","743.68","761.18",▼,"-0.76","-0.10","572,841","3,739,891","1","505","65","671","3"
2018/08/14,"758.33","766.26","756.01","761.94",▲,"6.29","+0.83","538,306","3,289,211","2","743","103","397","2"
2018/08/13,"780.69","780.69","755.58","755.65",▼,"-29.16","-3.72","619,263","3,926,053","1","82","24","1,140",""
2018/08/10,"789.71","792.44","781.34","784.81",▼,"-4.67","-0.59","620,212","3,991,177","1","373","85","785",""
2018/08/09,"783.43","789.68","780.95","789.48",▲,"5.67","+0.72","601,966","3,641,778","1","600","102","543",""
2018/08/08,"787.21","789.76","781.27","783.81",▼,"-0.89","-0.11","660,080","3,642,343","4","583","106","553","1"
2018/08/07,"783.45","784.88","775.50","784.70",▲,"3.29","+0.42","526,423","3,123,384","2","582","104","558",""
2018/08/06,"789.26","790.82","780.97","781.41",▼,"-7.40","-0.94","514,899","2,960,288","2","420","103","719",""
2018/08/03,"786.10","788.82","784.33","788.81",▲,"7.43","+0.95","539,008","2,897,141","3","779","108","354",""
2018/08/02,"788.77","788.88","776.38","781.38",▼,"-8.87","-1.12","546,863","3,288,313","2","356","99","788",""
2018/08/01,"779.00","790.38","778.55","790.25",▲,"14.73","+1.90","574,480","3,492,273","","875","83","284",""
2018/07/31,"768.75","775.52","766.52","775.52",▲,"5.72","+0.74","614,997","3,462,874","","670","74","498",""
2018/07/30,"773.00","774.82","763.60","769.80",▼,"-4.18","-0.54","539,661","2,969,389","2","606","81","553",""
2018/07/27,"766.03","773.98","763.44","773.98",▲,"8.83","+1.15","544,487","3,218,895","2","893","78","270",""
2018/07/26,"755.07","765.16","750.86","765.15",▲,"16.26","+2.17","536,438","3,512,817","1","968","72","198",""
2018/07/25,"764.66","766.00","744.11","748.89",▼,"-12.68","-1.66","684,209","4,525,671","1","326","66","848",""
2018/07/24,"760.57","767.71","756.63","761.57",▲,"4.61","+0.61","544,441","3,370,948","1","775","87","377",""
2018/07/23,"792.90","792.99","756.95","756.96",▼,"-34.65","-4.38","595,300","3,641,756","1","90","21","1,128",""
2018/07/20,"796.27","801.02","785.39","791.61",▼,"-4.88","-0.61","674,706","3,526,744","","469","92","676",""
2018/07/19,"811.42","811.97","794.14","796.49",▼,"-13.95","-1.72","769,174","4,142,381","1","282","61","894",""
2018/07/18,"823.80","826.36","804.47","810.44",▼,"-9.28","-1.13","819,764","4,302,130","3","305","63","869","2"
2018/07/17,"826.67","827.31","818.55","819.72",▼,"-5.99","-0.73","666,457","3,427,266","3","493","91","651",""
2018/07/16,"830.91","831.41","822.91","825.71",▼,"-2.18","-0.26","587,342","3,009,922","1","521","96","615",""
2018/07/13,"820.59","827.89","820.43","827.89",▲,"8.60","+1.05","580,528","3,192,014","2","829","103","301",""
2018/07/12,"809.86","819.98","806.16","819.29",▲,"14.51","+1.80","526,496","3,339,823","1","762","96","374",""
2018/07/11,"810.18","811.56","803.88","804.78",▼,"-8.41","-1.03","532,740","3,123,959","1","412","72","748",""
2018/07/10,"814.56","815.90","811.46","813.19",▲,"4.91","+0.61","533,664","2,984,844","","928","64","240",""
2018/07/09,"806.85","813.10","803.25","808.28",▼,"-0.61","-0.08","521,808","2,926,289","","525","82","623","1"
2018/07/06,"795.23","809.96","785.22","808.89",▲,"14.84","+1.87","710,884","3,504,711","3","861","58","314",""
2018/07/05,"799.77","800.93","782.23","794.05",▼,"-5.05","-0.63","651,532","3,148,655","1","337","61","835","1"
2018/07/04,"795.06","802.92","792.44","799.10",▲,"3.39","+0.43","704,498","3,126,708","3","719","80","433",""
2018/07/03,"797.63","801.91","779.41","795.71",▲,"5.89","+0.75","718,921","3,805,231","2","638","73","522",""
2018/07/02,"818.75","819.94","789.80","789.82",▼,"-28.40","-3.47","676,879","3,505,889","1","125","34","1,074",""
2018/06/29,"817.20","819.05","802.00","818.22",▲,"8.02","+0.99","642,990","3,493,811","","588","70","576",""
2018/06/28,"823.16","827.01","810.18","810.20",▼,"-16.49","-1.99","826,274","3,602,179","2","216","39","975",""
2018/06/27,"832.72","839.61","826.69","826.69",▼,"-4.71","-0.57","695,683","4,204,786","3","390","71","777",""
2018/06/26,"825.05","832.32","817.16","831.40",▼,"-4.60","-0.55","657,252","3,785,715","","426","81","730",""
2018/06/25,"831.48","836.99","826.66","836.00",▲,"5.73","+0.69","668,255","3,556,874","3","777","81","380",""
2018/06/22,"826.01","830.68","815.43","830.27",▲,"4.05","+0.49","831,997","4,408,281","1","473","74","691",""
2018/06/21,"841.44","841.91","826.22","826.22",▼,"-13.95","-1.66","758,202","4,285,478","2","323","62","852",""
2018/06/20,"819.87","840.17","817.64","840.17",▲,"24.78","+3.04","759,523","4,798,391","4","976","50","211",""
2018/06/19,"841.09","846.62","815.37","815.39",▼,"-24.84","-2.96","793,358","5,290,209","2","181","48","1,009",""
2018/06/18,"866.44","866.86","833.22","840.23",▼,"-25.99","-3.00","783,060","5,266,652","2","159","26","1,054",""
2018/06/15,"866.77","869.77","863.42","866.22",▲,"1.66","+0.19","796,592","5,527,650","4","543","88","608",""
2018/06/14,"873.02","873.02","861.14","864.56",▼,"-10.48","-1.20","1,023,502","6,144,217","1","280","66","891",""
2018/06/12,"879.18","882.92","870.11","875.04",▼,"-1.51","-0.17","1,081,644","5,697,598","1","376","70","792","1"
2018/06/11,"879.06","881.12","874.84","876.55",▼,"-1.93","-0.22","776,395","4,680,984","1","459","82","696",""
2018/06/08,"887.37","887.52","877.91","878.48",▼,"-9.43","-1.06","850,282","5,175,419","3","397","86","754",""
2018/06/07,"881.47","887.95","880.01","887.91",▲,"10.75","+1.23","903,298","5,608,441","4","762","65","409",""
2018/06/05,"881.71","881.98","874.16","877.16",▼,"-0.28","-0.03","1,025,958","5,648,240","4","584","78","574",""
2018/06/04,"887.59","887.76","876.50","877.44",▼,"-5.78","-0.65","898,334","5,694,472","3","618","84","533",""
2018/06/01,"879.61","883.77","878.15","883.22",▲,"3.56","+0.40","1,026,176","6,221,663","3","662","70","505",""
2018/05/31,"880.97","880.97","873.16","879.66",▲,"5.44","+0.62","1,082,953","7,131,667","3","700","78","457",""
2018/05/30,"876.42","876.71","861.84","874.22",▲,"4.14","+0.48","1,117,572","7,301,567","4","335","64","836",""
2018/05/29,"881.53","884.64","868.81","870.08",▼,"-9.61","-1.09","1,147,693","7,829,764","5","366","64","806",""
2018/05/28,"865.58","879.80","865.57","879.69",▲,"11.34","+1.31","1,270,094","5,841,418","28","724","55","456",""
2018/05/25,"866.20","870.71","859.09","868.35",▼,"-4.97","-0.57","1,115,036","6,265,194","3","275","61","899",""
2018/05/24,"871.68","875.31","866.47","873.32",▲,"4.16","+0.48","1,113,201","6,054,776","3","462","87","684",""
2018/05/23,"875.12","875.36","867.28","869.16",▼,"-3.80","-0.44","874,571","5,458,889","2","417","52","764",""
2018/05/21,"871.49","876.12","870.52","872.96",▲,"3.51","+0.40","998,533","4,669,554","","587","85","563",""
2018/05/18,"858.08","869.80","857.66","869.45",▲,"13.83","+1.62","1,064,520","5,264,865","3","897","74","262",""
2018/05/17,"854.46","857.56","852.91","855.62",▲,"5.33","+0.63","1,037,440","5,460,568","4","660","85","486","1"
2018/05/16,"857.24","857.24","846.90","850.29",▼,"-12.65","-1.47","1,210,613","6,371,060","3","217","55","959",""
2018/05/15,"865.53","867.13","858.55","862.94",▲,"4.24","+0.49","1,007,625","5,698,167","5","510","79","641",""
2018/05/14,"869.44","869.92","855.54","858.70",▼,"-7.23","-0.83","922,214","5,151,237","2","489","71","671",""
2018/05/11,"855.25","866.86","855.25","865.93",▲,"11.00","+1.29","941,518","5,002,726","1","843","79","309",""
2018/05/10,"852.28","855.82","846.14","854.93",▲,"4.08","+0.48","857,415","5,037,794","6","741","71","417",""
2018/05/09,"833.48","851.28","815.27","850.85",▲,"23.63","+2.86","905,893","5,881,825","2","721","72","434","1"
2018/05/08,"860.56","863.56","827.20","827.22",▼,"-29.12","-3.40","948,436","5,410,979","2","246","50","931",""
2018/05/04,"868.35","870.10","856.34","856.34",▼,"-9.73","-1.12","1,131,960","5,577,552","1","475","80","671",""
2018/05/03,"873.34","876.08","866.05","866.07",▼,"-4.96","-0.57","1,354,543","6,227,287","3","566","76","587","1"
2018/05/02,"869.52","877.54","863.59","871.03",▼,"-4.92","-0.56","1,357,597","7,131,322","8","545","64","619",""
2018/04/30,"886.29","886.60","870.54","875.95",▼,"-10.54","-1.19","1,351,115","6,703,233","8","391","51","788",""
2018/04/27,"886.37","886.62","880.03","886.49",▲,"7.10","+0.81","1,114,145","5,527,942","2","578","88","566",""
2018/04/26,"876.27","879.87","874.21","879.39",▲,"9.46","+1.09","957,360","5,076,156","1","732","83","416",""
2018/04/25,"869.31","879.00","862.05","869.93",▼,"-3.68","-0.42","1,177,685","6,170,316","3","359","73","799",""
2018/04/24,"881.58","883.78","873.22","873.61",▼,"-5.41","-0.62","1,201,412","6,495,315","6","517","85","629",""
2018/04/23,"888.39","890.32","877.36","879.02",▼,"-10.15","-1.14","1,408,073","7,040,366","4","378","59","791",""
2018/04/20,"885.59","892.01","880.68","889.17",▲,"6.44","+0.73","1,406,710","6,703,937","6","717","85","428",""
2018/04/19,"892.20","892.20","878.19","882.73",▼,"-10.59","-1.19","1,681,266","8,075,608","6","506","72","654",""
2018/04/18,"905.62","906.06","890.73","893.32",▼,"-7.90","-0.88","1,538,034","8,396,861","5","536","77","619",""
2018/04/17,"900.50","901.22","896.83","901.22",▲,"4.33","+0.48","1,309,037","6,987,949","9","704","91","436",""
2018/04/16,"895.32","899.20","894.09","896.89",▲,"5.02","+0.56","1,016,991","6,696,617","4","728","76","429",""
2018/04/13,"884.12","892.75","877.74","891.87",▲,"10.42","+1.18","1,011,506","7,253,264","1","773","78","380",""
2018/04/12,"888.20","889.02","879.17","881.45",▼,"-3.93","-0.44","997,972","7,910,347","5","611","62","560",""
2018/04/11,"882.58","886.14","880.87","885.38",▲,"8.08","+0.92","886,275","6,760,773","4","748","88","397",""
2018/04/10,"876.22","877.30","866.74","877.30",▲,"2.86","+0.33","1,012,193","6,403,986","3","538","86","610",""
2018/04/09,"866.75","874.44","865.50","874.44",▲,"6.48","+0.75","857,655","5,867,820","4","524","89","621",""
2018/04/06,"867.43","869.81","863.92","867.96",▼,"-0.97","-0.11","861,757","5,593,563","2","437","76","722",""
2018/04/05,"871.09","873.64","865.92","868.93",▲,"6.42","+0.74","846,380","5,910,570","4","745","70","417",""
2018/04/04,"877.15","877.15","858.29","862.51",▼,"-9.81","-1.12","821,250","6,031,063","3","257","77","901",""
2018/04/03,"857.83","872.32","857.40","872.32",▲,"4.52","+0.52","722,775","4,817,829","","548","88","598",""
2018/04/02,"876.85","876.85","865.83","867.80",▼,"-3.29","-0.38","844,055","5,732,951","3","412","59","763",""
2018/03/30,"869.86","873.04","867.11","871.09",▲,"5.10","+0.59","764,033","5,067,318","4","804","62","367",""
2018/03/29,"855.82","865.99","854.61","865.99",▲,"15.02","+1.77","813,042","5,159,670","2","729","98","408",""
2018/03/28,"850.05","856.36","843.60","850.97",▼,"-7.87","-0.92","889,844","5,754,153","3","327","84","829",""
2018/03/27,"862.40","863.05","856.56","858.84",▲,"5.15","+0.60","732,182","5,728,983","1","779","79","379",""
2018/03/26,"833.11","853.69","822.96","853.69",▲,"24.01","+2.89","740,178","6,063,809","2","860","77","300","2"
2018/03/23,"851.70","859.93","829.67","829.68",▼,"-41.94","-4.81","898,190","6,736,403","2","113","29","1,098","2"
2018/03/22,"889.21","891.30","869.00","871.62",▼,"-13.93","-1.57","1,011,525","6,861,367","2","313","71","862","3"
2018/03/21,"892.02","895.72","885.53","885.55",▼,"-4.85","-0.54","865,142","7,064,234","2","428","76","748","3"
2018/03/20,"876.61","890.40","875.39","890.40",▲,"9.43","+1.07","752,087","6,051,380","1","596","103","552",""
2018/03/19,"894.40","894.40","880.97","880.97",▼,"-13.46","-1.50","759,599","5,036,600","","330","69","853","2"
2018/03/16,"893.24","894.45","889.40","894.43",▲,"4.00","+0.45","808,497","5,689,389","2","574","100","581","1"
2018/03/15,"886.98","893.56","883.70","890.43",▲,"3.51","+0.40","951,002","5,953,256","","516","90","649",""
2018/03/14,"882.39","887.04","880.92","886.92",▲,"0.67","+0.08","954,396","5,275,687","3","525","92","638",""
2018/03/13,"884.54","886.25","879.85","886.25",▲,"1.98","+0.22","1,086,488","5,822,580","1","576","99","579",""
2018/03/12,"874.15","884.27","873.26","884.27",▲,"18.47","+2.13","802,338","5,141,951","4","902","76","277",""
2018/03/09,"857.80","868.51","857.47","865.80",▲,"11.86","+1.39","884,779","4,906,715","2","866","87","302",""
2018/03/08,"847.31","855.80","846.34","853.94",▲,"12.91","+1.54","890,979","4,578,636","6","844","91","318",""
2018/03/07,"856.43","861.41","841.03","841.03",▼,"-18.18","-2.12","947,325","5,366,842","4","284","74","896",""
2018/03/06,"854.91","859.21","850.42","859.21",▲,"14.21","+1.68","828,940","4,292,544","2","828","94","333",""
2018/03/05,"862.41","863.01","845.00","845.00",▼,"-15.23","-1.77","747,538","4,484,419","2","261","68","924",""
2018/03/02,"846.40","861.08","845.72","860.23",▲,"3.17","+0.37","768,912","4,697,289","","488","93","669",""
2018/02/28,"866.50","868.53","853.90","857.06",▼,"-16.95","-1.94","820,922","5,230,313","4","318","78","859","1"
2018/02/27,"880.88","882.04","874.00","874.01",▼,"-0.42","-0.05","794,503","5,160,799","4","426","100","730",""
2018/02/26,"881.36","884.26","869.66","874.43",▼,"-0.35","-0.04","802,090","4,791,869","2","478","98","678","1"
2018/02/23,"873.52","875.73","871.41","874.78",▲,"4.56","+0.52","770,224","5,047,910","2","623","99","531",""
2018/02/22,"871.72","873.48","863.89","870.22",▼,"-5.36","-0.61","857,859","4,798,708","3","418","81","756",""
2018/02/21,"867.92","877.69","864.21","875.58",▲,"11.17","+1.29","814,576","5,281,216","","823","94","336",""
2018/02/20,"873.99","877.90","861.50","864.41",▼,"-11.40","-1.30","797,235","5,541,460","3","556","79","618",""
2018/02/19,"855.78","875.81","855.58","875.81",▲,"27.78","+3.28","684,361","4,958,433","5","998","70","184","1"
2018/02/14,"835.60","848.03","830.78","848.03",▲,"18.64","+2.25","722,666","5,129,493","2","791","83","379",""
2018/02/13,"852.94","854.08","829.39","829.39",▼,"-13.85","-1.64","832,909","5,374,999","5","359","109","787",""
2018/02/12,"854.09","854.94","843.24","843.24",▲,"0.64","+0.08","692,304","4,979,550","2","518","103","632",""
2018/02/09,"832.13","850.70","832.13","842.60",▼,"-19.34","-2.24","764,447","5,560,304","3","211","52","988",""
2018/02/08,"834.89","867.04","824.64","861.94",▲,"31.98","+3.85","796,313","8,701,287","2","1,030","54","166",""
2018/02/07,"874.75","875.03","829.96","829.96",▼,"-28.21","-3.29","1,033,318","8,443,700","4","315","74","862",""
2018/02/06,"821.24","858.74","814.46","858.17",▼,"-0.05","-0.01","1,062,693","8,623,196","4","315","53","885",""
2018/02/05,"876.63","883.30","858.22","858.22",▼,"-41.25","-4.59","1,043,126","7,137,050","1","137","31","1,084",""
2018/02/02,"911.46","911.77","887.97","899.47",▼,"-8.73","-0.96","1,373,001","7,817,689","3","269","63","920","1"
2018/02/01,"916.78","919.90","901.35","908.20",▼,"-5.37","-0.59","1,407,688","8,348,927","6","778","90","385",""
2018/01/31,"910.89","917.78","903.52","913.57",▼,"-7.39","-0.80","1,195,259","7,543,173","7","476","70","707",""
2018/01/30,"928.72","932.01","918.79","920.96",▼,"-6.09","-0.66","1,243,821","8,657,840","4","388","67","798",""
2018/01/29,"914.26","929.35","914.22","927.05",▲,"13.93","+1.53","1,279,562","8,811,855","6","656","76","521",""
2018/01/26,"898.53","913.12","895.32","913.12",▲,"14.52","+1.62","1,080,156","7,200,553","3","868","84","300",""
2018/01/25,"894.21","898.60","887.97","898.60",▲,"3.83","+0.43","1,025,037","7,557,703","5","826","92","334",""
2018/01/24,"901.62","903.17","891.03","894.77",▲,"0.34","+0.04","1,011,725","8,582,346","4","695","71","485",""
2018/01/23,"881.68","894.43","877.68","894.43",▲,"21.34","+2.44","1,047,348","8,334,657","1","771","96","382",""
2018/01/22,"875.95","880.85","864.38","873.09",▼,"-6.90","-0.78","1,126,585","7,311,262","2","566","88","596",""
2018/01/19,"902.85","902.97","875.43","879.99",▼,"-18.20","-2.03","1,164,749","9,321,761","2","661","91","498",""
2018/01/18,"892.50","899.85","887.67","898.19",▲,"11.61","+1.31","1,260,160","9,608,884","5","814","100","337",""
2018/01/17,"902.37","905.95","884.91","886.58",▼,"-14.65","-1.63","1,211,998","10,481,404","7","622","83","544",""
2018/01/16,"889.23","901.23","884.76","901.23",▲,"9.62","+1.08","1,009,399","9,951,628","3","705","74","472",""
2018/01/15,"879.56","892.29","865.68","891.61",▲,"18.56","+2.13","1,025,675","10,722,308","5","557","88","606",""
2018/01/12,"863.07","886.65","857.33","873.05",▲,"20.54","+2.41","1,180,746","12,084,008","3","362","74","813",""
2018/01/11,"835.23","852.51","830.37","852.51",▲,"17.60","+2.11","1,288,804","7,951,882","3","644","97","509","8"
2018/01/10,"837.63","841.25","820.89","834.91",▲,"4.92","+0.59","1,104,147","7,595,330","4","637","104","511",""
2018/01/09,"841.39","843.56","827.29","829.99",▼,"-9.52","-1.13","1,195,954","9,531,279","2","403","85","762",""
2018/01/08,"836.07","840.06","829.28","839.51",▲,"11.48","+1.39","1,228,984","8,578,445","2","441","60","750",""
2018/01/05,"812.05","828.04","812.05","828.03",▲,"20.02","+2.48","1,229,153","7,724,099","2","741","96","414",""
2018/01/04,"825.11","825.57","802.83","808.01",▼,"-14.30","-1.74","1,346,453","8,340,291","4","422","76","752",""
2018/01/03,"816.30","824.18","812.22","822.31",▲,"9.86","+1.21","1,203,095","8,157,559","5","658","101","489",""
2018/01/02,"803.63","813.40","800.54","812.45",▲,"14.03","+1.76","989,203","6,648,960","5","834","80","337",""
2017/12/28,"791.76","798.68","790.34","798.42",▲,"6.47","+0.82","1,066,158","6,670,795","2","775","92","380",""
2017/12/27,"771.33","791.95","770.95","791.95",▲,"29.74","+3.90","829,592","6,696,253","5","804","63","376",""
2017/12/26,"763.96","775.54","762.21","762.21",▲,"1.01","+0.13","808,319","6,655,118","3","539","79","628",""
2017/12/22,"742.15","761.20","740.05","761.20",▲,"20.88","+2.82","1,083,314","6,109,609","2","798","84","366",""
2017/12/21,"754.54","759.13","740.31","740.32",▼,"-14.95","-1.98","1,208,944","6,012,574","3","202","53","990","1"
2017/12/20,"765.62","766.40","755.25","755.27",▼,"-10.91","-1.42","1,404,709","6,666,810","1","325","99","819","1"
2017/12/19,"769.87","771.01","754.27","766.18",▼,"-4.32","-0.56","1,692,208","8,632,504","2","261","52","929",""
2017/12/18,"776.09","777.40","770.50","770.50",▼,"-1.32","-0.17","1,132,320","5,671,802","13","495","72","668",""
2017/12/15,"770.27","775.04","766.45","771.82",▲,"1.47","+0.19","1,047,413","6,081,110","5","514","100","625",""
2017/12/14,"777.25","777.44","764.74","770.35",▼,"-1.87","-0.24","984,963","7,144,448","3","511","117","611",""
2017/12/13,"764.33","773.02","763.17","772.22",▲,"11.82","+1.55","1,143,787","5,452,556","1","733","100","408",""
2017/12/12,"768.30","769.14","755.03","760.40",▼,"-3.69","-0.48","1,018,840","5,144,044","","469","77","694",""
2017/12/11,"747.99","764.09","745.88","764.09",▲,"20.03","+2.69","790,671","5,296,340","","765","79","396","1"
2017/12/08,"757.21","760.73","743.90","744.06",▼,"-9.40","-1.25","1,159,157","6,637,812","2","302","70","866","4"
2017/12/07,"771.47","773.28","744.34","753.46",▼,"-14.93","-1.94","1,470,897","8,267,734","3","300","58","881","1"
2017/12/06,"778.28","783.54","765.25","768.39",▼,"-5.73","-0.74","970,291","7,462,789","8","461","88","688",""
2017/12/05,"782.14","783.61","773.80","774.12",▼,"-8.33","-1.06","860,349","6,871,188","6","665","87","485",""
2017/12/04,"788.02","788.46","778.20","782.45",▼,"-5.25","-0.67","821,386","6,956,387","6","470","81","686","1"
2017/12/01,"779.54","788.15","776.71","787.70",▲,"16.28","+2.11","883,780","6,899,944","5","747","110","379",""
2017/11/30,"779.84","782.42","769.79","771.42",▼,"-10.30","-1.32","1,053,562","7,136,135","8","318","61","857",""
2017/11/29,"776.75","783.19","770.97","781.72",▲,"8.60","+1.11","754,772","6,724,578","3","623","103","511",""
2017/11/28,"797.29","797.53","773.10","773.12",▼,"-19.68","-2.48","891,358","6,612,539","3","287","85","865",""
2017/11/27,"793.81","800.04","783.85","792.80",▲,"0.06","+0.01","735,823","6,339,416","","481","82","674",""
2017/11/24,"797.97","803.74","792.74","792.74",▼,"-4.06","-0.51","751,773","6,977,140","2","717","78","439",""
2017/11/23,"778.84","796.81","773.32","796.80",▲,"15.90","+2.04","756,157","7,753,522","2","824","92","318",""
2017/11/22,"793.79","796.28","779.20","780.90",▼,"-8.48","-1.07","894,398","9,341,727","1","468","76","689",""
2017/11/21,"790.35","793.60","782.95","789.38",▲,"4.06","+0.52","809,260","10,032,272","2","421","64","748",""
2017/11/20,"776.74","785.32","776.31","785.32",▲,"9.47","+1.22","834,840","6,599,204","1","643","97","492",""
2017/11/17,"776.32","779.57","770.55","775.85",▼,"-4.37","-0.56","767,762","7,058,197","","545","99","589",""
2017/11/16,"775.46","780.22","759.70","780.22",▲,"12.19","+1.59","897,364","7,973,647","2","714","90","430",""
2017/11/15,"759.55","773.05","755.06","768.03",▲,"11.57","+1.53","944,937","9,884,172","4","364","61","810",""
2017/11/14,"746.88","756.46","742.79","756.46",▲,"15.08","+2.03","837,110","7,162,260","1","619","98","518",""
2017/11/13,"724.76","741.38","724.76","741.38",▲,"20.59","+2.86","687,074","5,809,626","1","733","91","410",""
2017/11/10,"709.85","720.79","709.55","720.79",▲,"10.85","+1.53","599,904","4,451,821","","702","91","443",""
2017/11/09,"710.71","711.78","705.28","709.94",▲,"0.83","+0.12","614,813","4,446,661","2","650","107","478",""
2017/11/08,"702.69","709.11","701.52","709.11",▲,"7.97","+1.14","812,367","5,787,153","2","579","84","568",""
2017/11/07,"704.83","704.83","697.44","701.14",▼,"-2.65","-0.38","649,888","5,474,411","2","576","103","554",""
2017/11/06,"703.20","704.16","699.75","703.79",▲,"2.66","+0.38","595,341","4,591,079","2","527","104","603",""
2017/11/03,"697.43","701.13","695.88","701.13",▲,"6.17","+0.89","660,963","4,389,083","2","585","130","517",""
2017/11/02,"698.14","698.91","691.52","694.96",▼,"-0.81","-0.12","608,893","4,293,674","1","452","94","686",""
2017/11/01,"696.65","696.93","694.27","695.77",▲,"1.57","+0.23","630,555","3,584,512","2","644","93","497",""
2017/10/31,"691.07","694.23","689.29","694.20",▲,"4.52","+0.66","627,102","3,785,937","3","640","113","477",""
2017/10/30,"692.76","693.12","688.41","689.68",▼,"-0.29","-0.04","470,689","3,631,802","1","640","102","491",""
2017/10/27,"685.20","689.97","682.90","689.97",▲,"9.36","+1.38","537,104","3,655,074","2","781","105","348",""
2017/10/26,"689.94","690.53","680.61","680.61",▼,"-8.53","-1.24","600,267","4,187,146","1","448","83","705",""
2017/10/25,"688.83","690.30","684.84","689.14",▲,"1.93","+0.28","622,304","3,972,428","2","697","103","436",""
2017/10/24,"678.55","687.45","678.34","687.21",▲,"11.35","+1.68","583,158","4,196,342","2","749","120","366",""
2017/10/23,"674.98","677.69","674.64","675.86",▲,"2.91","+0.43","500,020","3,377,208","1","596","91","549",""
2017/10/20,"669.06","672.95","667.17","672.95",▲,"5.85","+0.88","659,088","3,600,219","1","674","116","444",""
2017/10/19,"671.22","671.39","664.19","667.10",▼,"-1.32","-0.20","710,604","4,316,355","3","665","95","472",""
2017/10/18,"677.42","679.50","667.31","668.42",▼,"-2.09","-0.31","713,746","4,563,545","3","375","98","758",""
2017/10/17,"660.61","671.95","660.33","670.51",▲,"11.10","+1.68","699,954","4,217,863","3","672","112","444",""
2017/10/16,"667.26","668.50","652.17","659.41",▼,"-3.67","-0.55","554,311","3,893,770","2","359","66","805",""
2017/10/13,"669.00","672.78","659.10","663.08",▼,"-3.46","-0.52","616,618","4,934,996","1","271","63","896",""
2017/10/12,"665.12","666.74","663.37","666.54",▲,"4.23","+0.64","561,101","3,448,809","2","560","88","584",""
2017/10/11,"656.85","662.31","656.76","662.31",▲,"7.72","+1.18","558,391","2,980,339","2","830","95","305",""
2017/10/10,"658.76","659.51","653.91","654.59",▲,"1.77","+0.27","554,198","2,831,706","","418","75","737",""
2017/09/29,"650.32","653.58","648.68","652.82",▲,"4.73","+0.73","692,251","3,146,219","","835","70","326",""
2017/09/28,"651.92","653.38","648.09","648.09",▼,"-1.15","-0.18","583,375","2,825,079","1","685","110","433","1"
2017/09/27,"645.02","650.71","644.56","649.24",▲,"6.84","+1.06","646,030","3,051,283","","769","81","378",""
2017/09/26,"638.58","645.73","637.36","642.40",▲,"0.36","+0.06","820,356","3,254,802","3","653","104","468","1"
2017/09/25,"649.11","653.05","638.92","642.04",▼,"-6.91","-1.06","900,593","3,698,659","2","196","49","980","1"
2017/09/22,"660.60","662.39","647.28","648.95",▼,"-12.16","-1.84","899,645","3,885,638","1","175","50","1,002",""
2017/09/21,"671.32","672.60","658.64","661.11",▼,"-6.94","-1.04","699,824","4,046,858","3","251","71","904",""
2017/09/20,"676.60","677.29","668.05","668.05",▼,"-6.43","-0.95","688,124","4,738,656","1","262","76","890",""
2017/09/19,"677.57","677.97","670.07","674.48",▼,"-1.39","-0.21","659,345","3,968,809","2","428","96","699",""
2017/09/18,"674.66","677.14","672.58","675.87",▲,"4.57","+0.68","585,750","3,934,263","2","584","91","549",""
2017/09/15,"662.90","671.31","662.90","671.30",▲,"5.89","+0.89","645,613","4,242,758","2","507","76","641","1"
2017/09/14,"660.15","665.47","659.25","665.41",▲,"6.32","+0.96","627,084","3,851,482","3","615","95","512",""
2017/09/13,"662.94","662.94","658.54","659.09",▼,"-0.96","-0.15","672,494","3,693,955","1","394","63","764",""
2017/09/12,"660.03","660.56","658.05","660.05",▲,"3.52","+0.54","652,322","3,499,976","2","600","113","508",""
2017/09/11,"657.68","659.47","654.92","656.53",▲,"2.24","+0.34","578,334","3,645,982","2","498","93","630",""
2017/09/08,"659.83","660.63","653.34","654.29",▼,"-4.19","-0.64","646,280","3,438,396","1","277","81","862",""
2017/09/07,"655.44","659.12","655.36","658.48",▲,"5.89","+0.90","499,881","2,969,208","3","743","99","377",""
2017/09/06,"649.23","653.44","649.23","652.59",▲,"3.84","+0.59","568,479","2,871,458","1","568","111","540",""
2017/09/05,"655.40","656.22","645.97","648.75",▼,"-2.14","-0.33","621,050","3,257,314","3","391","80","745",""
2017/09/04,"643.99","655.39","643.98","650.89",▼,"-11.10","-1.68","590,469","3,105,380","3","167","42","1,006",""
2017/09/01,"660.71","662.39","658.65","661.99",▲,"4.16","+0.63","566,069","2,936,174","2","673","101","441",""
2017/08/31,"657.13","658.03","655.64","657.83",▲,"2.83","+0.43","616,041","2,857,122","2","554","112","547",""
2017/08/30,"656.90","657.43","654.49","655.00",▲,"1.04","+0.16","639,532","2,628,704","2","576","105","530",""
2017/08/29,"650.28","654.02","647.13","653.96",▲,"1.04","+0.16","572,876","2,813,732","1","450","112","649",""
2017/08/28,"652.37","652.94","649.54","652.92",▲,"2.65","+0.41","513,763","2,510,868","2","587","96","528",""
2017/08/25,"649.22","650.76","648.44","650.27",▲,"2.56","+0.40","585,020","2,500,315","2","680","101","429",""
2017/08/24,"645.10","647.99","644.98","647.71",▲,"4.00","+0.62","500,086","2,720,457","","632","82","495",""
2017/08/23,"647.79","647.79","643.65","643.71",▼,"-0.55","-0.09","559,532","2,683,710","","451","83","677",""
2017/08/22,"643.26","644.38","642.64","644.26",▲,"3.41","+0.53","649,768","2,667,373","1","607","95","508",""
2017/08/21,"645.35","645.35","640.84","640.85",▼,"-2.73","-0.42","585,915","2,244,618","","482","89","637",""
2017/08/18,"636.94","643.86","636.44","643.58",▲,"1.47","+0.23","528,462","2,435,681","2","613","119","478",""
2017/08/17,"638.12","642.28","635.74","642.11",▲,"7.20","+1.13","531,889","2,530,446","2","816","75","317",""
2017/08/16,"634.44","635.97","634.10","634.91",▲,"5.54","+0.88","607,432","2,715,522","3","660","85","465","1"
2017/08/14,"632.52","633.99","629.26","629.37",▲,"1.03","+0.16","548,281","2,477,004","1","501","89","622","4"
2017/08/11,"629.81","635.29","626.08","628.34",▼,"-11.70","-1.83","606,432","2,848,243","1","174","36","1,003",""
2017/08/10,"642.80","646.56","635.06","640.04",▼,"-2.83","-0.44","770,422","3,173,672","1","328","77","804",""
2017/08/09,"649.39","650.09","642.87","642.87",▼,"-8.80","-1.35","848,951","3,023,299","2","208","75","928",""
2017/08/08,"650.78","651.91","645.73","651.67",▲,"3.28","+0.51","607,645","2,587,864","3","604","112","495",""
2017/08/07,"643.36","650.01","642.82","648.39",▲,"6.81","+1.06","455,724","2,448,694","1","750","115","345",""
2017/08/04,"644.80","648.34","638.87","641.58",▼,"-1.51","-0.23","459,052","2,671,322","1","534","118","558",""
2017/08/03,"658.70","658.94","641.63","643.09",▼,"-14.43","-2.19","528,197","3,198,195","1","157","51","1,001",""
2017/08/02,"654.85","658.28","654.83","657.52",▲,"4.40","+0.67","494,741","2,736,868","1","745","83","379","1"
2017/08/01,"650.89","655.07","649.70","653.12",▲,"2.65","+0.41","487,758","2,666,717","2","756","97","354",""
2017/07/31,"648.84","651.83","643.77","650.47",▼,"-2.48","-0.38","504,706","2,856,708","1","385","98","723","1"
2017/07/28,"665.08","665.08","651.84","652.95",▼,"-13.53","-2.03","559,701","3,788,213","1","182","59","965",""
2017/07/27,"669.22","670.60","664.53","666.48",▼,"-0.74","-0.11","527,888","2,899,033","2","471","98","637","1"
2017/07/26,"672.43","672.63","664.13","667.22",▼,"-3.25","-0.48","593,926","3,362,596","3","344","82","780","1"
2017/07/25,"678.70","679.48","670.10","670.47",▼,"-6.85","-1.01","677,767","3,371,472","1","311","85","810",""
2017/07/24,"678.59","679.46","676.63","677.32",▲,"0.72","+0.11","529,200","2,985,447","2","444","104","658",""
2017/07/21,"677.84","678.15","674.60","676.60",▲,"0.09","+0.01","523,728","3,094,963","1","545","109","550",""
2017/07/20,"674.06","677.59","672.37","676.51",▲,"4.98","+0.74","569,937","3,242,514","","669","119","418",""
2017/07/19,"666.30","671.53","666.30","671.53",▲,"7.51","+1.13","500,863","3,186,771","3","746","101","357",""
2017/07/18,"661.16","664.04","661.16","664.02",▲,"4.13","+0.63","570,276","3,058,918","3","548","109","548",""
2017/07/17,"656.97","659.89","656.97","659.89",▲,"5.78","+0.88","415,380","2,367,857","2","619","99","487",""
2017/07/14,"654.24","655.45","651.27","654.11",▲,"1.42","+0.22","533,482","2,740,097","1","453","98","654",""
2017/07/13,"654.01","655.16","651.60","652.69",▲,"1.59","+0.24","490,891","2,966,127","2","538","99","566",""
2017/07/12,"657.06","657.90","651.09","651.10",▼,"-4.91","-0.75","586,106","2,871,066","","384","93","727",""
2017/07/11,"659.27","659.91","654.50","656.01",▼,"-1.85","-0.28","541,962","2,535,261","2","478","105","621",""
2017/07/10,"666.19","666.19","657.67","657.86",▼,"-5.91","-0.89","512,853","2,606,278","1","311","66","826",""
2017/07/07,"662.66","664.29","660.99","663.77",▼,"-0.02","0","551,549","2,598,020","1","468","92","642",""
2017/07/06,"663.79","665.05","662.67","663.79",▲,"2.25","+0.34","555,479","2,503,114","1","568","112","521",""
2017/07/05,"657.70","661.58","657.69","661.54",▲,"5.35","+0.82","565,075","2,687,623","2","770","98","333",""
2017/07/04,"662.17","663.85","654.06","656.19",▼,"-4.78","-0.72","735,098","3,093,417","2","324","87","790",""
2017/07/03,"671.17","671.17","660.04","660.97",▼,"-8.07","-1.21","560,800","2,767,993","2","322","76","803",""
2017/06/30,"665.67","669.12","665.57","669.04",▲,"1.04","+0.16","511,575","2,665,993","2","529","107","565",""
2017/06/29,"670.10","670.56","666.00","668.00",▲,"2.11","+0.32","515,381","2,696,532","3","608","101","491",""
2017/06/28,"671.26","672.36","665.89","665.89",▼,"-6.74","-1.00","601,756","3,055,159","2","343","83","773",""
2017/06/27,"671.70","673.13","670.87","672.63",▲,"4.27","+0.64","639,734","3,151,935","2","631","89","478",""
2017/06/26,"670.59","670.78","667.71","668.36",▼,"-0.57","-0.09","586,199","3,036,359","2","421","86","691",""
2017/06/23,"665.19","669.05","665.02","668.93",▲,"5.65","+0.85","560,305","2,664,569","1","743","108","347",""
2017/06/22,"667.99","668.36","663.26","663.28",▼,"-2.49","-0.37","700,692","3,262,104","2","420","98","684",""
2017/06/21,"668.41","668.44","662.68","665.77",▼,"-3.64","-0.54","615,994","3,287,397","","343","100","758",""
2017/06/20,"678.72","678.82","669.41","669.41",▼,"-6.03","-0.89","733,967","3,893,767","1","254","75","873",""
2017/06/19,"672.72","675.71","672.25","675.44",▲,"4.74","+0.71","580,054","3,391,082","1","535","88","578",""
2017/06/16,"670.77","670.82","667.73","670.70",▲,"0.88","+0.13","608,341","3,495,549","1","534","106","560",""
2017/06/15,"672.97","673.10","664.99","669.82",▼,"-1.77","-0.26","672,665","3,385,732","1","400","106","696",""
2017/06/14,"673.02","674.36","670.26","671.59",▲,"2.36","+0.35","645,508","3,478,508","3","577","107","519",""
2017/06/13,"666.07","669.26","666.07","669.23",▲,"4.37","+0.66","626,944","3,539,072","2","645","126","431",""
2017/06/12,"672.09","672.12","664.12","664.86",▼,"-9.29","-1.38","579,525","3,332,378","2","331","79","794",""
2017/06/09,"672.14","674.15","671.20","674.15",▲,"4.18","+0.62","623,340","3,342,609","1","624","121","458",""
2017/06/08,"668.25","670.05","667.00","669.97",▲,"3.51","+0.53","672,769","3,859,217","1","486","108","608",""
2017/06/07,"664.07","666.58","661.10","666.46",▲,"4.14","+0.63","790,911","3,368,752","2","530","98","572",""
2017/06/05,"660.77","662.37","659.76","662.32",▲,"3.54","+0.54","583,256","3,237,225","","528","104","565",""
2017/06/02,"656.43","658.82","655.82","658.78",▲,"4.95","+0.76","638,026","3,296,782","2","654","118","424",""
2017/06/01,"653.57","654.23","651.10","653.83",▲,"1.79","+0.27","670,479","3,047,529","2","531","110","555",""
2017/05/31,"650.51","652.52","649.51","652.04",▲,"2.98","+0.46","664,049","3,148,464","1","605","87","502",""
2017/05/30,"645.09","649.09","644.34","649.06",▲,"6.08","+0.95","599,181","2,952,005","2","719","98","376",""
2017/05/29,"648.15","648.22","642.75","642.98",▼,"-3.03","-0.47","626,636","2,869,585","1","339","83","772",""
2017/05/26,"644.97","646.45","644.30","646.01",▲,"2.99","+0.46","656,940","2,763,155","1","640","104","452",""
2017/05/25,"648.25","648.29","642.87","643.02",▼,"-3.02","-0.47","766,856","2,899,471","1","409","103","680",""
2017/05/24,"646.44","648.05","645.03","646.04",▲,"1.31","+0.20","844,302","3,115,864","1","469","101","620","1"
2017/05/23,"644.59","645.44","644.00","644.73",▲,"2.11","+0.33","800,749","3,009,534","2","551","105","533",""
2017/05/22,"645.04","645.16","641.60","642.62",▲,"0.17","+0.03","753,237","2,852,206","3","549","88","551",""
2017/05/19,"640.33","643.06","639.17","642.45",▲,"4.33","+0.68","726,626","2,836,538","1","753","93","340",""
2017/05/18,"633.40","638.16","633.14","638.12",▼,"-1.89","-0.30","785,434","3,132,873","1","399","95","691",""
2017/05/17,"640.87","641.48","638.93","640.01",▲,"0.90","+0.14","624,355","2,846,354","2","499","94","592",""
2017/05/16,"646.50","646.50","638.43","639.11",▼,"-6.27","-0.97","723,809","3,187,652","2","324","85","777",""
2017/05/15,"644.59","646.31","642.79","645.38",▲,"1.65","+0.26","699,770","2,860,575","1","511","86","589",""
2017/05/12,"648.56","648.56","642.96","643.73",▼,"-3.85","-0.59","762,387","3,077,789","","417","85","684",""
2017/05/11,"644.44","647.58","643.35","647.58",▲,"4.90","+0.76","731,361","3,223,881","1","644","88","453",""
2017/05/10,"645.70","645.70","641.54","642.68",▼,"-0.71","-0.11","768,708","3,012,178","","448","93","644",""
2017/05/08,"638.36","643.39","638.09","643.39",▲,"8.28","+1.30","550,905","2,779,491","1","698","99","386",""
2017/05/04,"628.10","635.11","628.10","635.11",▲,"8.68","+1.39","509,158","2,146,888","","858","77","250",""
2017/05/02,"629.21","629.53","626.40","626.43",▼,"-1.81","-0.29","596,100","2,497,416","1","365","100","721",""
2017/04/28,"632.83","632.83","627.28","628.24",▼,"-2.87","-0.45","755,492","2,867,020","1","373","99","712",""
2017/04/27,"636.24","636.29","630.92","631.11",▼,"-4.00","-0.63","682,484","2,705,805","1","368","91","727",""
2017/04/26,"635.05","635.38","634.30","635.11",▲,"2.54","+0.40","753,711","2,860,476","1","648","90","450",""
2017/04/25,"629.21","632.57","629.21","632.57",▲,"5.95","+0.95","820,883","2,973,889","2","787","100","304",""
2017/04/24,"635.58","635.58","626.62","626.62",▼,"-8.34","-1.31","709,226","3,079,771","1","227","57","904",""
2017/04/21,"638.02","638.02","633.70","634.96",▼,"-0.84","-0.13","700,923","3,201,454","","491","93","606",""
2017/04/20,"636.87","637.49","635.44","635.80",▼,"-0.19","-0.03","875,196","3,696,417","2","452","101","638",""
2017/04/19,"634.93","636.42","633.64","635.99",▲,"1.26","+0.20","814,032","3,595,341","3","540","105","547",""
